City or Locality,Measurement Year,PM2.5 (μg/m3),PM10 (μg/m3),NO2 (μg/m3)
Aberdeen (Sd),2011,,15.8,
Albany-Schenectady-Troy (Ny),2010,7.9,,
Albuquerque (Nm),2010,,23.4,
Albuquerque (Nm),2011,6.9,27.95,25.1
Albuquerque (Nm),2012,,30.95,
Albuquerque (Nm),2013,,27.8,
Albuquerque (Nm),2014,,28.77,22
Albuquerque (Nm),2015,,32.3,20.8
Albuquerque (Nm),2016,,33.5,
Albuquerque (Nm),2017,,32,
Albuquerque (Nm),2018,,42.4,
Albuquerque (Nm),2019,,18.3,17.7
Alexandria (La),2013,7.3,,
Allentown-Bethlehem-Easton (Pa-Nj),2010,,,20.1
Allentown-Bethlehem-Easton (Pa-Nj),2011,,,26.7
Allentown-Bethlehem-Easton (Pa-Nj),2012,,,20.9
Allentown-Bethlehem-Easton (Pa-Nj),2013,,,20.8
Allentown-Bethlehem-Easton (Pa-Nj),2014,,,20.95
Allentown-Bethlehem-Easton (Pa-Nj),2015,,12.9,
Allentown-Bethlehem-Easton (Pa-Nj),2016,,11.5,16.5
Allentown-Bethlehem-Easton (Pa-Nj),2017,,,19.1
Allentown-Bethlehem-Easton (Pa-Nj),2018,,11.3,17.6
Allentown-Bethlehem-Easton (Pa-Nj),2019,,,21.1
Altoona (Pa),2016,,12.3,
Anchorage (Ak),2010,5.55,15.25,
Anchorage (Ak),2011,5.08,14.07,
Anchorage (Ak),2012,5.5,14.3,
Anchorage (Ak),2013,4.88,12.75,
Anchorage (Ak),2014,5.45,18.9,
Anchorage (Ak),2015,5.47,15.2,
Anchorage (Ak),2016,4.97,16.08,
Anchorage (Ak),2017,4.65,11.85,
Anchorage (Ak),2018,4.53,10.72,
Anchorage (Ak),2019,7.35,14.32,
Athens-Clarke County (Ga),2010,11.3,,
Athens-Clarke County (Ga),2019,9.8,,
Atlanta-Sandy Springs-Roswell (Ga),2010,12.2,,25.7
Atlanta-Sandy Springs-Roswell (Ga),2011,12.9,,
Atlanta-Sandy Springs-Roswell (Ga),2012,10.2,,21.7
Atlanta-Sandy Springs-Roswell (Ga),2013,,,17.5
Atlanta-Sandy Springs-Roswell (Ga),2014,,17.9,19.8
Atlanta-Sandy Springs-Roswell (Ga),2015,,,18.4
Atlanta-Sandy Springs-Roswell (Ga),2016,9.9,16.7,19.8
Atlanta-Sandy Springs-Roswell (Ga),2017,9.8,,16.4
Atlanta-Sandy Springs-Roswell (Ga),2018,9.5,17.1,14.6
Atlanta-Sandy Springs-Roswell (Ga),2019,10.8,,17.6
Augusta-Richmond County (Ga-Sc),2010,,19.1,
Augusta-Richmond County (Ga-Sc),2011,,16.5,
Augusta-Richmond County (Ga-Sc),2017,,23.4,
Augusta-Waterville (Me),2010,,12.6,
Augusta-Waterville (Me),2011,,11.2,
Augusta-Waterville (Me),2012,,13.9,
Augusta-Waterville (Me),2014,,12.9,
Augusta-Waterville (Me),2015,,12.4,
Augusta-Waterville (Me),2017,,11.6,
Augusta-Waterville (Me),2018,,10.1,
Augusta-Waterville (Me),2019,,10.3,
Austin-Round Rock (Tx),2010,,13.8,
Austin-Round Rock (Tx),2013,,,10.3
Austin-Round Rock (Tx),2014,,,9.7
Austin-Round Rock (Tx),2016,,,7.8
Austin-Round Rock (Tx),2018,,17.5,9.3
Austin-Round Rock (Tx),2019,,,9.6
Bakersfield (Ca),2010,12.13,26.2,20.43
Bakersfield (Ca),2011,12.3,23.55,21.03
Bakersfield (Ca),2012,13.85,24.6,20.75
Bakersfield (Ca),2013,17.1,28.4,18.35
Bakersfield (Ca),2014,20.1,19.75,16.15
Bakersfield (Ca),2015,13.07,31.75,19.2
Bakersfield (Ca),2016,15.35,28.8,17.57
Bakersfield (Ca),2017,17.05,27.07,20.45
Bakersfield (Ca),2018,18.55,41.6,18.2
Bakersfield (Ca),2019,12.45,24.75,16.17
Baltimore-Columbia-Towson (Md),2010,,,33
Baltimore-Columbia-Towson (Md),2011,11.6,,28.75
Baltimore-Columbia-Towson (Md),2012,,,26.3
Baltimore-Columbia-Towson (Md),2013,,13.4,24.1
Baltimore-Columbia-Towson (Md),2014,,,25.05
Baltimore-Columbia-Towson (Md),2015,,,25.85
Baltimore-Columbia-Towson (Md),2016,,,24.1
Baltimore-Columbia-Towson (Md),2017,,,22.15
Baltimore-Columbia-Towson (Md),2018,,11.5,
Bangor (Me),2011,,13.6,
Bangor (Me),2016,,13.1,
Bangor (Me),2017,,15.7,
Bar Harbor,2010,,6.2,
Bar Harbor,2011,,6.8,
Bar Harbor,2012,,6.3,
Bar Harbor,2013,,5.5,
Bar Harbor,2014,,5.7,
Bar Harbor,2015,,5.8,
Bar Harbor,2016,,4.5,
Bar Harbor,2017,,5.1,
Bar Harbor,2018,,5,
Bar Harbor,2019,,5.1,
Baraboo (Wi),2011,,8.5,
Baraboo (Wi),2016,,9,
Baraboo (Wi),2017,,9.7,
Baton Rouge (La),2010,,27.8,16.38
Baton Rouge (La),2011,,,11.57
Baton Rouge (La),2012,,25,14.7
Baton Rouge (La),2013,,,11.93
Baton Rouge (La),2014,9.2,,10.18
Baton Rouge (La),2015,,,11.8
Baton Rouge (La),2016,,,11.93
Baton Rouge (La),2017,,22,12.43
Baton Rouge (La),2018,,26.5,10.48
Baton Rouge (La),2019,8.9,,8.47
Beaumont-Port Arthur (Tx),2010,,,9.9
Beaumont-Port Arthur (Tx),2012,,,8.7
Beaumont-Port Arthur (Tx),2013,,,10.1
Beaumont-Port Arthur (Tx),2014,,,4.6
Beaumont-Port Arthur (Tx),2015,,,6.1
Beaumont-Port Arthur (Tx),2016,,,7.35
Beaumont-Port Arthur (Tx),2017,,,5.25
Beaumont-Port Arthur (Tx),2018,,,4.4
Beaumont-Port Arthur (Tx),2019,,,8.13
Beaver Dam (Wi),2013,,10.3,
Beaver Dam (Wi),2015,,10.8,
Beaver Dam (Wi),2016,,10.2,
Beaver Dam (Wi),2017,,8.5,
Birmingham-Hoover (Al),2010,12.77,26.08,
Birmingham-Hoover (Al),2011,12.43,21.56,
Birmingham-Hoover (Al),2012,10.93,20.15,
Birmingham-Hoover (Al),2013,10.25,17.1,
Birmingham-Hoover (Al),2014,11,19.9,
Birmingham-Hoover (Al),2015,10.2,18.2,
Birmingham-Hoover (Al),2016,9.2,18.5,
Birmingham-Hoover (Al),2017,9.85,17.44,
Birmingham-Hoover (Al),2018,9.07,18.24,
Birmingham-Hoover (Al),2019,9.23,20.58,
Bishop (Ca),2010,,24,
Bishop (Ca),2011,8.1,20.53,
Bishop (Ca),2012,,22.82,
Bishop (Ca),2013,,18.6,
Bishop (Ca),2014,,17.8,
Bishop (Ca),2015,,15.68,
Bishop (Ca),2016,6.6,17.93,
Bishop (Ca),2017,,22.42,
Bishop (Ca),2018,,18.21,
Bishop (Ca),2019,,14.78,
Bismarck (Nd),2010,,13.9,
Bismarck (Nd),2011,,7.4,5.75
Bismarck (Nd),2012,,14,4
Bismarck (Nd),2013,,,6.7
Bismarck (Nd),2014,4.9,,7.25
Bismarck (Nd),2016,3.2,,
Bismarck (Nd),2017,,13.2,
Bismarck (Nd),2018,,,9.2
Bismarck (Nd),2019,4.4,9,6.5
Bloomington (In),2016,7.8,,
Boise City (Id),2010,,18.4,
Boise City (Id),2012,,26.4,
Boise City (Id),2013,,24.15,
Boise City (Id),2016,,21,
Boise City (Id),2017,,22.7,
Boise City (Id),2018,,20.5,
Boise City (Id),2019,,21.9,
Boston-Cambridge-Newton (Ma-Nh),2010,,14.2,27.23
Boston-Cambridge-Newton (Ma-Nh),2011,,,25.02
Boston-Cambridge-Newton (Ma-Nh),2012,,14.2,22.15
Boston-Cambridge-Newton (Ma-Nh),2013,6.3,15.2,24.63
Boston-Cambridge-Newton (Ma-Nh),2014,,,30.95
Boston-Cambridge-Newton (Ma-Nh),2015,,11.7,20.95
Boston-Cambridge-Newton (Ma-Nh),2016,,,20.07
Boston-Cambridge-Newton (Ma-Nh),2017,4.7,,17.67
Boston-Cambridge-Newton (Ma-Nh),2018,5.35,9,15.4
Boston-Cambridge-Newton (Ma-Nh),2019,,10.1,17.67
Boulder (Co),2011,5.8,,
Boulder (Co),2012,,20.8,
Boulder (Co),2013,6,23.3,
Boulder (Co),2014,7.5,23.7,
Boulder (Co),2015,6.5,19.8,
Boulder (Co),2016,6.9,20.8,
Boulder (Co),2018,6.4,20.4,
Boulder (Co),2019,,20.9,
Bridgeport-Stamford-Norwalk (Ct),2010,9.1,,
Bridgeport-Stamford-Norwalk (Ct),2011,9.6,,
Bridgeport-Stamford-Norwalk (Ct),2012,8.4,16.7,
Bridgeport-Stamford-Norwalk (Ct),2013,7.8,15.8,
Bridgeport-Stamford-Norwalk (Ct),2014,,17.8,
Bridgeport-Stamford-Norwalk (Ct),2015,9.5,,
Bridgeport-Stamford-Norwalk (Ct),2016,,14.1,
Bridgeport-Stamford-Norwalk (Ct),2017,6.9,12.2,
Bridgeport-Stamford-Norwalk (Ct),2018,,14.2,
Broadus,2012,,,1.9
Broadus,2013,,24.1,1.7
Broadus,2014,,,1.8
Broadus,2015,,27.4,
Broadus,2017,,,1.6
Broadus,2018,,20.1,1.7
Buffalo-Cheektowaga-Niagara Falls (Ny),2010,,,24.4
Buffalo-Cheektowaga-Niagara Falls (Ny),2012,,,19.7
Buffalo-Cheektowaga-Niagara Falls (Ny),2013,,,19.5
Buffalo-Cheektowaga-Niagara Falls (Ny),2015,,,20.9
Buffalo-Cheektowaga-Niagara Falls (Ny),2019,,,17.8
Burlington-South Burlington (Vt),2010,,7.4,16.1
Burlington-South Burlington (Vt),2012,4.6,6.8,
Burlington-South Burlington (Vt),2013,4.8,6.6,
Burlington-South Burlington (Vt),2014,3.8,6.8,12.9
Burlington-South Burlington (Vt),2015,3.5,7.8,
Burlington-South Burlington (Vt),2016,,6.4,
Burlington-South Burlington (Vt),2017,,5.9,
Burlington-South Burlington (Vt),2018,,5.6,
Burlington-South Burlington (Vt),2019,4.5,4.9,
Butte-Silver Bow (Mt),2010,,29.5,
Butte-Silver Bow (Mt),2012,,27.8,
Butte-Silver Bow (Mt),2014,,20.3,
Butte-Silver Bow (Mt),2015,10.5,19.3,
Butte-Silver Bow (Mt),2017,,18.6,
Butte-Silver Bow (Mt),2019,,20.1,
Cadillac (Mi),2011,,,1.9
Cadillac (Mi),2012,,,2.6
Cadillac (Mi),2013,,,2.6
Cadillac (Mi),2014,,,2.3
Cadillac (Mi),2017,4.8,,2.7
Cadillac (Mi),2018,,,2.6
Cadillac (Mi),2019,,,2
Canon City (Co),2012,,19.6,
Canon City (Co),2013,,20.6,
Canon City (Co),2017,,15.4,
Canton-Massillon (Oh),2010,14.4,,
Canton-Massillon (Oh),2011,12.8,,
Cape Coral-Fort Myers (Fl),2011,,15.3,
Cape Coral-Fort Myers (Fl),2014,,14.1,
Cape Coral-Fort Myers (Fl),2016,5.7,14,
Cape Coral-Fort Myers (Fl),2017,,15.6,
Cape Coral-Fort Myers (Fl),2018,,16.7,
Carlsbad-Artesia (Nm),2011,,,4.9
Carlsbad-Artesia (Nm),2013,,,4.5
Carlsbad-Artesia (Nm),2014,,,4.9
Carlsbad-Artesia (Nm),2015,,,4.5
Carlsbad-Artesia (Nm),2018,,,9.7
Carlsbad-Artesia (Nm),2019,,,9.5
Cedar Rapids (Ia),2012,,22.8,
Cedar Rapids (Ia),2013,,21.7,
Cedar Rapids (Ia),2019,,17.5,
Central Mckenzie,2010,,8.7,2.2
Central Mckenzie,2011,,7.8,2.1
Central Mckenzie,2012,,9.5,2.3
Central Mckenzie,2013,3.6,7.1,2.2
Central Mckenzie,2014,2.9,5.9,
Central Mckenzie,2015,,5.9,3.1
Central Mckenzie,2016,1.8,3.8,2.4
Central Mckenzie,2018,5.2,10.3,3.1
Central Mckenzie,2019,,7.4,3.2
Charleston-North Charleston (Sc),2010,,,8.55
Charleston-North Charleston (Sc),2011,,,12.4
Charleston-North Charleston (Sc),2012,,,12.7
Charleston-North Charleston (Sc),2013,,,12.5
Charleston-North Charleston (Sc),2014,,,7.65
Charleston-North Charleston (Sc),2015,,,11
Charleston-North Charleston (Sc),2016,,,6.3
Charleston-North Charleston (Sc),2017,,,7.85
Charleston-North Charleston (Sc),2018,,,2.4
Charleston-North Charleston (Sc),2019,,,11.7
Charlotte-Concord-Gastonia (Nc-Sc),2010,,,22.1
Charlotte-Concord-Gastonia (Nc-Sc),2011,,15.9,
Charlotte-Concord-Gastonia (Nc-Sc),2013,,,15.9
Charlotte-Concord-Gastonia (Nc-Sc),2014,,,16
Charlotte-Concord-Gastonia (Nc-Sc),2015,,16.9,15.2
Charlotte-Concord-Gastonia (Nc-Sc),2017,,11.5,
Charlotte-Concord-Gastonia (Nc-Sc),2018,,,11.8
Cheyenne (Wy),2011,4.35,11.6,
Cheyenne (Wy),2012,,13.5,7.1
Cheyenne (Wy),2013,3.25,10,
Cheyenne (Wy),2014,,,6.8
Cheyenne (Wy),2015,,9.4,
Cheyenne (Wy),2017,3.4,,6.9
Cheyenne (Wy),2018,4.7,,7
Cheyenne (Wy),2019,,10,
Chicago-Naperville-Elgin (Il-In-Wi),2010,14.63,22.65,37.33
Chicago-Naperville-Elgin (Il-In-Wi),2011,13.4,22.98,34.38
Chicago-Naperville-Elgin (Il-In-Wi),2012,12.03,23.85,35
Chicago-Naperville-Elgin (Il-In-Wi),2013,12.2,27.2,34.98
Chicago-Naperville-Elgin (Il-In-Wi),2014,12,24.03,32.2
Chicago-Naperville-Elgin (Il-In-Wi),2015,10.75,26.8,27.2
Chicago-Naperville-Elgin (Il-In-Wi),2016,,21.77,26.64
Chicago-Naperville-Elgin (Il-In-Wi),2017,,21.9,25.77
Chicago-Naperville-Elgin (Il-In-Wi),2018,10.7,22,27.92
Chicago-Naperville-Elgin (Il-In-Wi),2019,,18.86,27.27
Chico (Ca),2012,,,15
Chico (Ca),2013,,,15.7
Chico (Ca),2014,,,13.2
Chico (Ca),2015,,,12.6
Chico (Ca),2016,,,11.2
Chico (Ca),2017,,,11.8
Chico (Ca),2018,,,12.8
Cincinnati (Oh-Ky-In),2010,14.15,,18
Cincinnati (Oh-Ky-In),2011,13.2,,15.55
Cincinnati (Oh-Ky-In),2012,12.65,35.1,6.7
Cincinnati (Oh-Ky-In),2013,,30.25,22.4
Cincinnati (Oh-Ky-In),2014,12.9,25.7,14.65
Cincinnati (Oh-Ky-In),2016,,35.9,4.3
Cincinnati (Oh-Ky-In),2017,10.3,20.48,9.7
Cincinnati (Oh-Ky-In),2018,10.35,26.8,17.9
Cincinnati (Oh-Ky-In),2019,,40.1,17.2
Claremont-Lebanon (Nh-Vt),2013,6.1,,
Cleveland-Elyria (Oh),2010,13.5,24.1,29.7
Cleveland-Elyria (Oh),2011,,23,28.7
Cleveland-Elyria (Oh),2012,13.2,23.75,
Cleveland-Elyria (Oh),2013,12.1,22.9,
Cleveland-Elyria (Oh),2014,,21.85,23.1
Cleveland-Elyria (Oh),2015,,24.9,24.3
Cleveland-Elyria (Oh),2016,,24.73,20.8
Cleveland-Elyria (Oh),2017,11.2,20.73,
Cleveland-Elyria (Oh),2018,,21.77,21.2
Cleveland-Elyria (Oh),2019,10.2,15.6,
Clinton (Ia),2018,9,,
Colorado Springs (Co),2011,,19.1,
Colorado Springs (Co),2013,,19.4,
Colorado Springs (Co),2014,,19.5,
Colorado Springs (Co),2015,5.3,,
Colorado Springs (Co),2018,6.2,,
Colorado Springs (Co),2019,5,17.1,
Columbia (Sc),2010,,,10
Columbia (Sc),2012,,,8.7
Columbia (Sc),2017,,15,
Columbia (Sc),2018,,,8.1
Columbus (Ga-Al),2010,14.9,,
Columbus (Ga-Al),2011,11.85,,
Columbus (Ga-Al),2018,8.2,,
Columbus (Oh),2010,,32.4,
Columbus (Oh),2011,,23.3,
Colusa,2011,6.8,,
Colusa,2012,7.3,,
Colusa,2016,6.3,,
Colusa,2019,7,,
Corning (Ny),2010,7.2,,
Corning (Ny),2018,4.8,,
Corsicana (Tx),2011,,,8
Corsicana (Tx),2012,,,6.8
Corsicana (Tx),2013,,,7.1
Corsicana (Tx),2016,,,3.8
Corsicana (Tx),2018,,,6.9
Corsicana (Tx),2019,,,7
Cortina Indian Rancheria (Na),2013,7.2,,
Cortina Indian Rancheria (Na),2014,6.5,,
Cortina Indian Rancheria (Na),2016,4.5,,
Cortina Indian Rancheria (Na),2017,4.4,,
Cortina Indian Rancheria (Na),2018,10.3,,
Dallas-Fort Worth-Arlington (Tx),2010,,,13.23
Dallas-Fort Worth-Arlington (Tx),2011,,,14.69
Dallas-Fort Worth-Arlington (Tx),2012,,,13.65
Dallas-Fort Worth-Arlington (Tx),2013,,,10.85
Dallas-Fort Worth-Arlington (Tx),2014,,,9.58
Dallas-Fort Worth-Arlington (Tx),2015,,,9.91
Dallas-Fort Worth-Arlington (Tx),2016,,,13.17
Dallas-Fort Worth-Arlington (Tx),2017,,,10.64
Dallas-Fort Worth-Arlington (Tx),2018,,,10.34
Dallas-Fort Worth-Arlington (Tx),2019,,,8.8
Daphne-Fairhope-Foley (Al),2010,10.2,,
Daphne-Fairhope-Foley (Al),2011,10,,
Daphne-Fairhope-Foley (Al),2012,9.2,,
Daphne-Fairhope-Foley (Al),2013,8.4,,
Daphne-Fairhope-Foley (Al),2014,8.9,,
Daphne-Fairhope-Foley (Al),2015,8.6,,
Daphne-Fairhope-Foley (Al),2016,7.2,,
Daphne-Fairhope-Foley (Al),2017,7.4,,
Daphne-Fairhope-Foley (Al),2018,7.1,,
Daphne-Fairhope-Foley (Al),2019,7.5,,
Davenport-Moline-Rock Island (Ia-Il),2010,,42.9,15.9
Davenport-Moline-Rock Island (Ia-Il),2011,,41.8,14
Davenport-Moline-Rock Island (Ia-Il),2012,,44.3,
Davenport-Moline-Rock Island (Ia-Il),2013,,30.65,
Davenport-Moline-Rock Island (Ia-Il),2014,,42.9,
Davenport-Moline-Rock Island (Ia-Il),2015,,29.75,11.8
Davenport-Moline-Rock Island (Ia-Il),2016,,35.1,
Davenport-Moline-Rock Island (Ia-Il),2017,,21.8,11.1
Davenport-Moline-Rock Island (Ia-Il),2018,,15.8,11.2
Davenport-Moline-Rock Island (Ia-Il),2019,8.5,32.4,
Dayton (Oh),2011,,19.8,
Dayton (Oh),2013,,18.1,
Dayton (Oh),2017,,11.4,
Dayton (Oh),2018,,12.4,
Decatur (Al),2011,10.5,,
Decatur (Al),2015,8.8,,
Decatur (Al),2017,7.7,,
Decatur (Al),2019,7.6,,
Deltona-Daytona Beach-Ormond Beach (Fl),2011,,15.7,
Deltona-Daytona Beach-Ormond Beach (Fl),2013,,14.5,
Denver-Aurora-Lakewood (Co),2010,5.8,26.3,41.1
Denver-Aurora-Lakewood (Co),2011,5.75,30.7,40
Denver-Aurora-Lakewood (Co),2012,6.45,26.95,40.8
Denver-Aurora-Lakewood (Co),2013,6.65,27.8,38.6
Denver-Aurora-Lakewood (Co),2014,5.6,29.8,38.6
Denver-Aurora-Lakewood (Co),2015,,,37.1
Denver-Aurora-Lakewood (Co),2016,,28.1,35
Denver-Aurora-Lakewood (Co),2017,6.43,28.73,31.65
Denver-Aurora-Lakewood (Co),2018,,27.65,32.15
Denver-Aurora-Lakewood (Co),2019,6.2,29.35,33.05
Des Moines-West Des Moines (Ia),2010,,,16.7
Des Moines-West Des Moines (Ia),2011,,,15.1
Des Moines-West Des Moines (Ia),2012,,21.2,
Des Moines-West Des Moines (Ia),2013,,19.7,13.3
Des Moines-West Des Moines (Ia),2014,,,12.1
Des Moines-West Des Moines (Ia),2015,,,12
Des Moines-West Des Moines (Ia),2017,,14.7,
Detroit-Warren-Dearborn (Mi),2010,9.4,17.4,
Detroit-Warren-Dearborn (Mi),2012,,28.6,28.15
Detroit-Warren-Dearborn (Mi),2013,,22.73,27.1
Detroit-Warren-Dearborn (Mi),2014,,25.4,30.7
Detroit-Warren-Dearborn (Mi),2015,11.3,24.4,27.65
Detroit-Warren-Dearborn (Mi),2016,10.7,22.05,24.9
Detroit-Warren-Dearborn (Mi),2017,,23.2,
Detroit-Warren-Dearborn (Mi),2018,,26.45,23.45
Detroit-Warren-Dearborn (Mi),2019,11,23.03,29.2
Dickinson (Nd),2013,4.7,,
Dickinson (Nd),2016,2.9,,
Dickinson (Nd),2017,4,,
Dickinson (Nd),2019,3.4,,
Dodge City (Ks),2010,,16.9,
Dodge City (Ks),2012,,15,
Dodge City (Ks),2013,,8.4,
Dodge City (Ks),2014,,12.2,
Dodge City (Ks),2017,,19.9,
Dothan (Al),2010,10.3,,
Dothan (Al),2011,10.2,,
Dothan (Al),2013,8.3,,
Dothan (Al),2014,8.7,,
Dothan (Al),2015,7.3,,
Dothan (Al),2016,7.1,,
Dothan (Al),2017,8.6,,
Dothan (Al),2018,7.7,,
Dothan (Al),2019,8.1,,
Dover (De),2010,9.5,,
Dover (De),2014,8.2,,
Dover (De),2018,6.15,,
Duluth (Mn-Wi),2010,,20.2,
Duluth (Mn-Wi),2011,,20.25,
Duluth (Mn-Wi),2012,,12.2,
Duluth (Mn-Wi),2013,,12.6,
Duluth (Mn-Wi),2015,5.5,,
Duluth (Mn-Wi),2016,,11.1,
Duluth (Mn-Wi),2017,,18.35,
Duluth (Mn-Wi),2018,4.3,,
Duluth (Mn-Wi),2019,5.4,26.1,
Durango (Co),2010,,25.3,9.03
Durango (Co),2011,,,8.97
Durango (Co),2012,,,7.2
Durango (Co),2013,,,7.2
Durango (Co),2014,,,6.27
Durango (Co),2015,,,5.77
Durango (Co),2016,,,6.47
Durango (Co),2017,,,6.93
Durango (Co),2018,,20.3,5
Durango (Co),2019,,,5.8
El Centro (Ca),2010,8.53,,17
El Centro (Ca),2011,10.5,,21.6
El Centro (Ca),2012,10.03,,21.65
El Centro (Ca),2013,10.15,,24
El Centro (Ca),2014,7.3,,18.4
El Centro (Ca),2015,11.6,,17.5
El Centro (Ca),2016,11.3,,15.55
El Centro (Ca),2017,11.9,,17.5
El Centro (Ca),2018,11.95,,23.5
El Centro (Ca),2019,10.7,,17.4
El Dorado (Ar),2012,10.9,,
El Dorado (Ar),2016,9,,
El Paso (Tx),2010,,32,25.4
El Paso (Tx),2011,,42.9,27.6
El Paso (Tx),2012,,,31
El Paso (Tx),2013,,34.2,23.85
El Paso (Tx),2014,,31.6,24.1
El Paso (Tx),2015,,24.5,26.2
El Paso (Tx),2016,,28.5,22.9
El Paso (Tx),2017,,,23.7
El Paso (Tx),2018,,,24.05
El Paso (Tx),2019,,32.9,25.6
Elko (Nv),2010,,25.9,
Elko (Nv),2012,,28.2,
Elko (Nv),2014,,25.2,
Erie (Pa),2010,,,14.8
Erie (Pa),2011,,12.3,13.3
Erie (Pa),2012,,,10.9
Erie (Pa),2014,,10.7,
Erie (Pa),2016,,10.3,9.3
Erie (Pa),2017,,9.2,6.2
Erie (Pa),2019,,11.9,
Eugene (Or),2010,,11.7,
Eugene (Or),2012,,13.3,
Eugene (Or),2014,,13.9,
Eugene (Or),2016,4.7,9.9,
Eugene (Or),2017,13.3,,
Eugene (Or),2018,,13.3,
Eureka-Arcata-Fortuna (Ca),2010,5.6,16.7,5
Eureka-Arcata-Fortuna (Ca),2011,6.6,17.7,6.7
Eureka-Arcata-Fortuna (Ca),2012,5.8,15.2,5.2
Eureka-Arcata-Fortuna (Ca),2013,,18,5.8
Eureka-Arcata-Fortuna (Ca),2014,,17.3,4.7
Eureka-Arcata-Fortuna (Ca),2015,5.9,,6
Eureka-Arcata-Fortuna (Ca),2016,,15.3,5.1
Eureka-Arcata-Fortuna (Ca),2017,,18.1,5
Eureka-Arcata-Fortuna (Ca),2018,,18.1,4.7
Eureka-Arcata-Fortuna (Ca),2019,,14.7,4.2
Evanston (Wy),2010,,12.5,
Evanston (Wy),2013,,9.2,
Evanston (Wy),2014,,9,
Evanston (Wy),2015,,9,
Evanston (Wy),2016,,8.35,
Evanston (Wy),2019,,7.07,
Evansville (In-Ky),2010,,19.8,
Evansville (In-Ky),2011,,18.4,
Evansville (In-Ky),2013,11.1,,14.9
Evansville (In-Ky),2014,,,16.9
Evansville (In-Ky),2015,,,15
Evansville (In-Ky),2016,8.9,,15.5
Evansville (In-Ky),2018,,,15.5
Fairbanks (Ak),2010,12.8,,
Fairbanks (Ak),2011,10.4,17.1,
Fairbanks (Ak),2012,11.3,22.7,
Fairbanks (Ak),2013,11.8,22.3,
Fairbanks (Ak),2014,10.35,21.6,
Fairbanks (Ak),2015,12.15,22.9,
Fairbanks (Ak),2016,8.95,20.3,
Fairbanks (Ak),2017,9.05,14.9,
Fairbanks (Ak),2018,7.8,14.7,
Fairbanks (Ak),2019,10.1,19.4,
Fargo (Nd-Mn),2010,,,10.2
Fargo (Nd-Mn),2014,5,,8.2
Fargo (Nd-Mn),2015,,,7.9
Fargo (Nd-Mn),2016,,,6.9
Fargo (Nd-Mn),2017,,,8.2
Fargo (Nd-Mn),2018,,,8.4
Farmington (Nm),2010,,,20.95
Farmington (Nm),2011,,,20
Farmington (Nm),2012,,,10.6
Farmington (Nm),2014,,,14.95
Farmington (Nm),2015,,,15.8
Farmington (Nm),2017,,,15
Farmington (Nm),2018,,,18.9
Farmington (Nm),2019,,,18.6
Fayetteville-Springdale-Rogers (Ar-Mo),2015,7.8,,
Fayetteville-Springdale-Rogers (Ar-Mo),2017,7.8,,
Fayetteville-Springdale-Rogers (Ar-Mo),2019,8,,
Florence-Muscle Shoals (Al),2011,10.3,,
Florence-Muscle Shoals (Al),2012,8.8,,
Florence-Muscle Shoals (Al),2013,8.6,,
Florence-Muscle Shoals (Al),2014,9.4,,
Florence-Muscle Shoals (Al),2015,8.7,,
Florence-Muscle Shoals (Al),2016,7.5,,
Florence-Muscle Shoals (Al),2018,7.5,,
Fort Collins (Co),2012,,23.7,
Fort Collins (Co),2013,,21,
Fort Collins (Co),2014,,18.8,
Fort Collins (Co),2018,,19.7,
Fort Payne (Al),2010,11.6,,
Fort Payne (Al),2011,11.2,,
Fort Payne (Al),2013,9,,
Fort Payne (Al),2014,9.6,,
Fort Payne (Al),2015,9,,
Fort Payne (Al),2016,7.7,,
Fort Payne (Al),2017,8,,
Fort Smith (Ar-Ok),2012,,,14.2
Fort Smith (Ar-Ok),2013,,,12
Fort Smith (Ar-Ok),2014,,,11
Fort Smith (Ar-Ok),2015,,,9.5
Fort Smith (Ar-Ok),2019,,,9.8
Fort Wayne (In),2014,10.7,,
Fort Wayne (In),2018,9.1,,
Fresno (Ca),2010,11.67,29.4,16.8
Fresno (Ca),2011,13.83,30.6,18.1
Fresno (Ca),2012,14.07,30.7,18.65
Fresno (Ca),2013,16.35,39.15,20.95
Fresno (Ca),2014,14.57,39.5,19.75
Fresno (Ca),2015,14.5,35.85,17.5
Fresno (Ca),2016,12.73,34.9,14.22
Fresno (Ca),2017,12.88,39.4,17.38
Fresno (Ca),2018,14.8,41.7,19.53
Fresno (Ca),2019,9.37,35.2,15.25
Gadsden (Al),2010,11.8,,
Gadsden (Al),2011,11.4,,
Gadsden (Al),2012,9.6,,
Gadsden (Al),2013,9.2,,
Gadsden (Al),2014,9.3,,
Gadsden (Al),2015,9.1,,
Gadsden (Al),2016,8.2,,
Gadsden (Al),2017,8.9,,
Gadsden (Al),2018,7.8,,
Gadsden (Al),2019,8.3,,
Georgetown (Sc),2010,,19.6,
Georgetown (Sc),2016,,18.3,
Gettysburg (Pa),2012,,,4.4
Gettysburg (Pa),2013,,,4.1
Gettysburg (Pa),2014,,,4.3
Gettysburg (Pa),2016,,,2.3
Gettysburg (Pa),2019,,,3
Gillette (Wy),2010,,14.37,7.9
Gillette (Wy),2011,,12.92,4.4
Gillette (Wy),2012,,27.61,7.83
Gillette (Wy),2013,,9.5,7.95
Gillette (Wy),2014,,10.12,2.6
Gillette (Wy),2015,,15.82,2.4
Gillette (Wy),2016,,14.41,2.1
Gillette (Wy),2017,,16.22,
Gillette (Wy),2018,,17.08,2.7
Gillette (Wy),2019,,11.3,2.3
Glenwood Springs (Co),2010,,22.5,
Glenwood Springs (Co),2012,,11.25,
Glenwood Springs (Co),2013,,7.2,
Glenwood Springs (Co),2014,,8.1,
Glenwood Springs (Co),2015,,11.65,
Glenwood Springs (Co),2016,,9.8,
Glenwood Springs (Co),2017,,11.5,
Glenwood Springs (Co),2018,,11.2,
Glenwood Springs (Co),2019,,8.5,
Grand Island (Ne),2011,7,,
Grand Junction (Co),2010,9,23,
Grand Junction (Co),2013,8.8,,
Grand Junction (Co),2014,,18.3,
Grand Junction (Co),2015,,14.9,
Grand Junction (Co),2016,6.2,,
Grand Junction (Co),2017,,16.5,
Grand Rapids-Wyoming (Mi),2010,,13,
Grand Rapids-Wyoming (Mi),2013,,12.3,
Grand Rapids-Wyoming (Mi),2015,,17,
Grants Pass (Or),2017,12.8,,
Grants Pass (Or),2018,12.2,,
Grantsville (Na),2017,5.9,,
Greeley (Co),2010,7.3,,
Greeley (Co),2011,7.4,,
Greeley (Co),2012,7.8,,
Greeley (Co),2018,,22.8,
Greenville-Anderson-Mauldin (Sc),2010,,,20.2
Greenville-Anderson-Mauldin (Sc),2014,,,17.8
Greenville-Anderson-Mauldin (Sc),2018,,12.1,
Greenville-Anderson-Mauldin (Sc),2019,,,15.6
Gulfport-Biloxi-Pascagoula (Ms),2010,,,10.4
Gulfport-Biloxi-Pascagoula (Ms),2011,,,9
Gulfport-Biloxi-Pascagoula (Ms),2012,,,7.6
Gulfport-Biloxi-Pascagoula (Ms),2013,,,7.8
Gulfport-Biloxi-Pascagoula (Ms),2014,,,8.3
Gulfport-Biloxi-Pascagoula (Ms),2017,,,7.6
Hamilton (Na),2012,16.6,,
Hamilton (Na),2017,14.8,,
Hammond (La),2011,9.3,,
Hanford-Corcoran (Ca),2010,14.5,31.6,
Hanford-Corcoran (Ca),2011,18,36.3,17.6
Hanford-Corcoran (Ca),2012,14.8,,
Hanford-Corcoran (Ca),2013,18.2,49.6,19.3
Hanford-Corcoran (Ca),2014,17.5,46.5,18.4
Hanford-Corcoran (Ca),2015,16.5,44.1,17.4
Hanford-Corcoran (Ca),2016,15.5,43.4,
Hanford-Corcoran (Ca),2017,17.2,46,
Hanford-Corcoran (Ca),2018,,47.3,16.5
Hanford-Corcoran (Ca),2019,12.2,44.4,15.8
Harrisburg-Carlisle (Pa),2012,,15.5,
Harrisburg-Carlisle (Pa),2015,,17.9,
Harrisonburg (Va),2010,,,19.6
Harrisonburg (Va),2011,,,17.5
Harrisonburg (Va),2015,,,15.8
Harrisonburg (Va),2016,,,15.2
Hartford-West Hartford-East Hartford (Ct),2010,,10.4,18.1
Hartford-West Hartford-East Hartford (Ct),2011,,11.1,21
Hartford-West Hartford-East Hartford (Ct),2012,,10.5,16.7
Hartford-West Hartford-East Hartford (Ct),2013,,11.7,
Hartford-West Hartford-East Hartford (Ct),2014,,9.8,
Hartford-West Hartford-East Hartford (Ct),2016,,9.8,16.9
Hartford-West Hartford-East Hartford (Ct),2017,,9.3,
Hartford-West Hartford-East Hartford (Ct),2018,6.8,9.8,
Hartford-West Hartford-East Hartford (Ct),2019,,8.6,
Helena (Mt),2011,3.8,,
Helena (Mt),2012,5.4,,
Helena (Mt),2013,4.4,,
Helena (Mt),2014,3.1,,
Helena (Mt),2015,4.5,,
Helena (Mt),2017,12.4,,
Hilo (Hi),2010,18.2,,
Hilo (Hi),2011,5.3,,
Hilo (Hi),2012,11.43,,
Hilo (Hi),2013,5.4,,
Hilo (Hi),2014,4.2,,
Hilo (Hi),2015,12.9,,
Hilo (Hi),2016,14,,
Hilo (Hi),2018,3.8,,
Hilo (Hi),2019,2.7,,
Hobbs (Nm),2011,,,11.7
Hobbs (Nm),2013,,,7.9
Hobbs (Nm),2017,,,7.9
Holland (Mi),2011,8.4,,
Hot Springs (Ar),2013,9.4,,
Hot Springs (Ar),2015,8.5,,
Hot Springs (Ar),2017,8.4,,
Houston-The Woodlands-Sugar Land (Tx),2010,,35.1,13.64
Houston-The Woodlands-Sugar Land (Tx),2011,,33.4,12.59
Houston-The Woodlands-Sugar Land (Tx),2012,,38.5,14.39
Houston-The Woodlands-Sugar Land (Tx),2013,,30.8,12.09
Houston-The Woodlands-Sugar Land (Tx),2014,11.6,28.97,11.7
Houston-The Woodlands-Sugar Land (Tx),2015,,28.8,10
Houston-The Woodlands-Sugar Land (Tx),2016,,24.2,14.77
Houston-The Woodlands-Sugar Land (Tx),2017,,26.9,11.07
Houston-The Woodlands-Sugar Land (Tx),2018,,,10.88
Houston-The Woodlands-Sugar Land (Tx),2019,,28,13.26
Huntington-Ashland (Wv-Ky-Oh),2011,,28.1,13.5
Huntington-Ashland (Wv-Ky-Oh),2012,,23.35,11.7
Huntington-Ashland (Wv-Ky-Oh),2013,,22.4,10.5
Huntington-Ashland (Wv-Ky-Oh),2014,,19.1,11.1
Huntington-Ashland (Wv-Ky-Oh),2015,,,11.3
Huntington-Ashland (Wv-Ky-Oh),2016,,21.9,9.2
Huntington-Ashland (Wv-Ky-Oh),2017,,,8
Huntington-Ashland (Wv-Ky-Oh),2018,,11,9
Huntington-Ashland (Wv-Ky-Oh),2019,,14.05,9.2
Huntsville (Al),2010,,17.38,
Huntsville (Al),2011,11.3,16.15,
Huntsville (Al),2012,9.3,14.85,
Huntsville (Al),2013,,14.1,
Huntsville (Al),2014,9,14.25,
Huntsville (Al),2015,8.2,16.5,
Huntsville (Al),2016,7.6,15.35,
Huntsville (Al),2017,7.5,12.47,
Huntsville (Al),2018,7.4,13.8,
Huntsville (Al),2019,,13.82,
Indianapolis-Carmel-Anderson (In),2010,14.03,,
Indianapolis-Carmel-Anderson (In),2011,13.9,22.95,
Indianapolis-Carmel-Anderson (In),2012,11.1,29.6,
Indianapolis-Carmel-Anderson (In),2013,,24.5,
Indianapolis-Carmel-Anderson (In),2014,12.13,26.2,
Indianapolis-Carmel-Anderson (In),2015,10.63,27.3,
Indianapolis-Carmel-Anderson (In),2016,9.2,16.1,
Indianapolis-Carmel-Anderson (In),2018,,16.1,
Indianapolis-Carmel-Anderson (In),2019,9.7,26.2,
Interior Township,2010,3.9,7.6,
Interior Township,2011,3.4,8.3,
Interior Township,2012,4.1,11,1.8
Interior Township,2013,,,1.9
Interior Township,2014,4.3,8.5,
Interior Township,2016,2.5,9.4,0.8
Interior Township,2017,3.6,,
Interior Township,2018,,9.5,
Interior Township,2019,,,1.7
Iowa City (Ia),2010,11.5,22.7,
Iowa City (Ia),2013,,19,
Iowa City (Ia),2014,,19.4,
Iowa City (Ia),2015,,18.7,
Iowa City (Ia),2016,,16.9,
Jackson (Wy-Id),2017,,11.1,
Jacksonville (Fl),2010,,20.6,
Jacksonville (Fl),2011,,,15.8
Jacksonville (Fl),2012,,19.1,15.2
Jacksonville (Fl),2013,,19.1,14.6
Jacksonville (Fl),2014,,15.8,
Jacksonville (Fl),2016,,,13.6
Jacksonville (Fl),2017,,,13
Jacksonville (Fl),2018,,,12.9
Jacksonville (Fl),2019,,19.6,12.3
Jasper (In),2010,,20.9,
Jasper (In),2011,,18.2,
Jasper (In),2013,10.9,,
Jasper (In),2014,11.1,17.1,
Jasper (In),2016,,15,
Jasper (In),2018,8.9,,
Jefferson Township,2015,,12.7,
Jefferson Township,2016,,10.9,
Jefferson Township,2017,,12.9,
Johnstown (Pa),2010,,,19.7
Johnstown (Pa),2012,,,16
Johnstown (Pa),2013,,,14.7
Johnstown (Pa),2015,11.7,,
Johnstown (Pa),2016,,,12.6
Johnstown (Pa),2017,11.8,,10.8
Joplin (Mo),2011,,30.4,
Joplin (Mo),2014,,29.5,
Joplin (Mo),2015,,28.5,
Joplin (Mo),2019,,22.4,
Juneau (Ak),2010,8.8,9,
Juneau (Ak),2011,7.1,7.5,
Juneau (Ak),2012,6.4,6.9,
Juneau (Ak),2013,5.9,8.3,
Juneau (Ak),2014,7.7,9.6,
Juneau (Ak),2015,6.6,7,
Juneau (Ak),2016,6,8.4,
Juneau (Ak),2017,5.6,6.7,
Juneau (Ak),2018,6.9,,
Juneau (Ak),2019,6.8,,
Kahului-Wailuku-Lahaina (Hi),2010,4.8,,
Kahului-Wailuku-Lahaina (Hi),2016,3.7,,
Kahului-Wailuku-Lahaina (Hi),2017,4.1,,
Kahului-Wailuku-Lahaina (Hi),2019,4.1,,
Kalispell (Mt),2012,,13.7,
Kalispell (Mt),2013,,13,
Kalispell (Mt),2014,,22.5,
Kalispell (Mt),2015,,30.7,
Kalispell (Mt),2016,,17.3,
Kalispell (Mt),2017,,22.45,
Kalispell (Mt),2018,,26.1,
Kansas City (Mo-Ks),2010,,,26.4
Kansas City (Mo-Ks),2012,,,23.1
Kansas City (Mo-Ks),2013,,,23.4
Kansas City (Mo-Ks),2014,10.5,,23.05
Kansas City (Mo-Ks),2016,5.1,,21.9
Kansas City (Mo-Ks),2017,9.9,,22.1
Kansas City (Mo-Ks),2018,,,21.7
Kansas City (Mo-Ks),2019,,,20.5
Kapaa (Hi),2013,3.9,,4.2
Kapaa (Hi),2014,,,4.5
Kapaa (Hi),2015,3.2,,4.3
Kapaa (Hi),2016,3.5,,
Kapaa (Hi),2017,2.6,,3.5
Kapaa (Hi),2018,,,8.6
Kapaa (Hi),2019,2.9,,8
Keene (Nh),2018,5.3,,
Kemmerer,2011,,12.8,
Kemmerer,2012,,26.3,
Kemmerer,2014,,11.3,
Kemmerer,2015,,11.6,
Kemmerer,2017,,14.4,
Klamath Falls (Or),2013,13,,
Klamath Falls (Or),2017,11.7,,
Klamath Falls (Or),2018,18.6,,
Laconia (Nh),2017,4.6,,
Laconia (Nh),2019,3.6,,
Lafayette (La),2011,,19.4,
Lafayette (La),2014,,20.5,
Lafayette (La),2019,,14.9,
Lafayette-West Lafayette (In),2010,12,,
Lake Charles (La),2010,,,12.6
Lake Charles (La),2011,,,12.1
Lake Charles (La),2013,,,9.2
Lake Charles (La),2015,,,11.9
Lake Charles (La),2017,,,11
Lake Havasu City-Kingman (Az),2012,,21.3,
Lake Havasu City-Kingman (Az),2013,,20.8,
Lake Havasu City-Kingman (Az),2014,,20.6,
Lake Havasu City-Kingman (Az),2016,,22.4,
Lake Havasu City-Kingman (Az),2017,,19.2,
Lake Havasu City-Kingman (Az),2018,,19.9,
Lake Havasu City-Kingman (Az),2019,,16,
Lakeland-Winter Haven (Fl),2016,,14.2,
Lamar,2011,,21.3,
Lamar,2012,,24.6,
Lamar,2013,,32,
Lamar,2014,,31.4,
Lamar,2019,,17.6,
Lame Deer,2011,,,6.4
Lame Deer,2012,,,4.3
Lame Deer,2013,,,3.4
Lame Deer,2014,,,3.2
Lame Deer,2015,,,1.7
Lame Deer,2017,,,1
Lancaster (Pa),2010,,15.9,
Laramie (Wy),2011,,21.6,
Laramie (Wy),2012,,31.8,
Laramie (Wy),2013,4.6,,
Laramie (Wy),2016,3.9,,
Laramie (Wy),2018,,24.7,
Laramie (Wy),2019,,13.5,
Laredo (Tx),2017,,18.2,
Las Cruces (Nm),2010,,28.5,12.7
Las Cruces (Nm),2011,,41.3,8.4
Las Cruces (Nm),2012,,,8.6
Las Cruces (Nm),2013,,37.3,
Las Cruces (Nm),2014,5.3,29.1,
Las Cruces (Nm),2015,4.7,19.6,10.75
Las Cruces (Nm),2016,,,8.6
Las Cruces (Nm),2017,,,10
Las Cruces (Nm),2018,,26,11.55
Las Cruces (Nm),2019,,24.4,11.35
Las Vegas-Henderson-Paradise (Nv),2010,3.4,12.68,25
Las Vegas-Henderson-Paradise (Nv),2011,5.5,15.35,24.8
Las Vegas-Henderson-Paradise (Nv),2012,5,15.3,18
Las Vegas-Henderson-Paradise (Nv),2013,,18.27,8.9
Las Vegas-Henderson-Paradise (Nv),2014,,20.28,
Las Vegas-Henderson-Paradise (Nv),2015,,16.8,27
Las Vegas-Henderson-Paradise (Nv),2016,,21.37,30.2
Las Vegas-Henderson-Paradise (Nv),2017,,26.15,31.7
Las Vegas-Henderson-Paradise (Nv),2018,,20,16.4
Las Vegas-Henderson-Paradise (Nv),2019,,18,16
Lebanon (Pa),2012,14.2,,
Lewiston-Auburn (Me),2010,,13.3,
Lewiston-Auburn (Me),2011,,14.2,
Lewiston-Auburn (Me),2013,,15.6,
Lewiston-Auburn (Me),2019,,10.6,
Lewistown,2012,,5,
Lewistown,2013,,7.8,
Lewistown,2014,,7.4,
Lewistown,2015,,9.1,
Lewistown,2016,,9.3,
Lewistown,2017,,10.9,
Lewistown,2018,,10,
Lewistown,2019,,7.8,
Lexington-Fayette (Ky),2010,,,17.8
Lexington-Fayette (Ky),2012,,,15.1
Lexington-Fayette (Ky),2013,,15.7,13.8
Lexington-Fayette (Ky),2014,,,12.7
Lexington-Fayette (Ky),2016,,14.3,12.4
Lexington-Fayette (Ky),2017,,14.6,9
Lexington-Fayette (Ky),2018,,,5.6
Lexington-Fayette (Ky),2019,,12.8,11.6
Libby (Na),2015,14.9,25,
Libby (Na),2017,14.3,,
Libby (Na),2018,,19.2,
Little Rock-North Little Rock-Conway (Ar),2010,12.3,20.5,
Little Rock-North Little Rock-Conway (Ar),2011,12.25,21.7,
Little Rock-North Little Rock-Conway (Ar),2012,,19.35,19.9
Little Rock-North Little Rock-Conway (Ar),2013,10.7,18.9,18.4
Little Rock-North Little Rock-Conway (Ar),2014,10.5,18.25,16.7
Little Rock-North Little Rock-Conway (Ar),2015,9.95,18.85,16.2
Little Rock-North Little Rock-Conway (Ar),2016,9.4,18.35,14.9
Little Rock-North Little Rock-Conway (Ar),2017,9.2,,14.3
Little Rock-North Little Rock-Conway (Ar),2018,9.5,17.7,13.7
Little Rock-North Little Rock-Conway (Ar),2019,9.9,16.1,14.8
Longview (Tx),2010,,,12.3
Longview (Tx),2011,,,10.4
Longview (Tx),2013,,,8.8
Longview (Tx),2014,,,7.6
Longview (Tx),2017,,,6.4
Longview (Tx),2019,,,6.1
Los Angeles-Long Beach-Anaheim (Ca),2010,10.62,25.03,34.85
Los Angeles-Long Beach-Anaheim (Ca),2011,11.06,24.68,35.16
Los Angeles-Long Beach-Anaheim (Ca),2012,11.08,25.8,31.02
Los Angeles-Long Beach-Anaheim (Ca),2013,10.2,26.05,30.62
Los Angeles-Long Beach-Anaheim (Ca),2014,,28.18,29.61
Los Angeles-Long Beach-Anaheim (Ca),2015,10.02,26.44,28.47
Los Angeles-Long Beach-Anaheim (Ca),2016,10.11,26.44,27.67
Los Angeles-Long Beach-Anaheim (Ca),2017,10.64,25.44,26.81
Los Angeles-Long Beach-Anaheim (Ca),2018,11.36,25.99,26.03
Los Angeles-Long Beach-Anaheim (Ca),2019,8.99,21.57,23.99
Louisville/Jefferson County (Ky-In),2010,14.7,21.9,
Louisville/Jefferson County (Ky-In),2011,12.9,,
Louisville/Jefferson County (Ky-In),2012,12.3,20.6,
Louisville/Jefferson County (Ky-In),2013,,17,
Louisville/Jefferson County (Ky-In),2014,11.9,,
Louisville/Jefferson County (Ky-In),2017,,16.9,
Louisville/Jefferson County (Ky-In),2018,,15.75,
Macon (Ga),2011,14.2,,
Macon (Ga),2016,9.7,,
Madawaska (Census Name For Madawaska Center) (Na),2013,,16,
Madawaska (Census Name For Madawaska Center) (Na),2014,,12.7,
Madawaska (Census Name For Madawaska Center) (Na),2018,,18.4,
Madawaska (Census Name For Madawaska Center) (Na),2019,,12.6,
Madera (Ca),2010,,42,14.7
Madera (Ca),2011,20.4,,15
Madera (Ca),2012,16,36.4,
Madera (Ca),2013,17.8,36.5,
Madera (Ca),2014,14,35.1,11.6
Madera (Ca),2015,13.8,31.9,11.2
Madera (Ca),2016,12,,10.3
Madera (Ca),2017,12.5,34.2,12.1
Madera (Ca),2018,14,40.4,11.3
Madera (Ca),2019,,35.6,11.3
Madison (Wi),2012,,16.1,
Malone (Ny),2010,,,3.9
Malone (Ny),2011,,,7.2
Malone (Ny),2012,,,9.5
Malone (Ny),2015,,,5.1
Malone (Ny),2016,,,7.3
Malone (Ny),2017,,,3.1
Manchester-Nashua (Nh),2016,4.2,,
Manchester-Nashua (Nh),2017,2.9,,
Manchester-Nashua (Nh),2018,3.2,,
Marshall (Mn),2016,4.4,,
Marshall (Mn),2017,5,,
Marshall (Tx),2011,,,7.9
Marshall (Tx),2012,,,7
Marshall (Tx),2016,,,4.2
Marshall (Tx),2018,,,3.3
Marshall (Tx),2019,,,4.6
Mason City (Ia),2012,,21.4,
Mason City (Ia),2015,,18.1,
Mason City (Ia),2016,,18.5,
Mason City (Ia),2017,,17.8,
Mason City (Ia),2018,,19.4,
Mason City (Ia),2019,,16.7,
Mcallen-Edinburg-Mission (Tx),2013,,32.6,
Mcallen-Edinburg-Mission (Tx),2015,,26.5,
Mcallen-Edinburg-Mission (Tx),2016,,26.8,
Mcallen-Edinburg-Mission (Tx),2017,,24.8,
Mcallen-Edinburg-Mission (Tx),2019,,23.5,
Medford (Or),2013,14.2,,
Medford (Or),2017,15.3,,
Memphis (Tn-Ms-Ar),2010,,,19.3
Memphis (Tn-Ms-Ar),2011,,,18.8
Memphis (Tn-Ms-Ar),2012,,,17.4
Memphis (Tn-Ms-Ar),2013,10,,15.6
Memphis (Tn-Ms-Ar),2014,,,14.6
Memphis (Tn-Ms-Ar),2015,,,13.3
Memphis (Tn-Ms-Ar),2016,,,13.8
Memphis (Tn-Ms-Ar),2017,,,13.4
Memphis (Tn-Ms-Ar),2018,,,13.3
Memphis (Tn-Ms-Ar),2019,,,14.2
Merced (Ca),2010,16.3,,12.9
Merced (Ca),2011,15.6,29.3,13.2
Merced (Ca),2012,,28.1,13.9
Merced (Ca),2013,13.5,,14.3
Merced (Ca),2014,11.2,30.5,14.9
Merced (Ca),2015,12.65,30.2,13
Merced (Ca),2016,11.55,28.4,
Merced (Ca),2017,12.6,34.7,
Merced (Ca),2018,14.65,33.8,13.5
Merced (Ca),2019,9.1,28.8,11.8
Miami (Ok),2013,,13.6,
Miami-Fort Lauderdale-West Palm Beach (Fl),2010,6.4,,
Miami-Fort Lauderdale-West Palm Beach (Fl),2011,,,8.05
Miami-Fort Lauderdale-West Palm Beach (Fl),2012,,24.9,10.27
Miami-Fort Lauderdale-West Palm Beach (Fl),2013,,,5.7
Miami-Fort Lauderdale-West Palm Beach (Fl),2014,6.55,,12.27
Miami-Fort Lauderdale-West Palm Beach (Fl),2015,6.9,21.7,6.6
Miami-Fort Lauderdale-West Palm Beach (Fl),2016,,23.6,5.5
Miami-Fort Lauderdale-West Palm Beach (Fl),2017,,23.2,10.47
Miami-Fort Lauderdale-West Palm Beach (Fl),2018,6.7,,9.83
Miami-Fort Lauderdale-West Palm Beach (Fl),2019,,,7.95
Milwaukee-Waukesha-West Allis (Wi),2010,,23.6,
Milwaukee-Waukesha-West Allis (Wi),2012,,23.3,21.6
Milwaukee-Waukesha-West Allis (Wi),2017,,13.8,16.9
Milwaukee-Waukesha-West Allis (Wi),2018,,16.2,
Milwaukee-Waukesha-West Allis (Wi),2019,,,16.7
Minneapolis-St. Paul-Bloomington (Mn-Wi),2010,,24.2,17.9
Minneapolis-St. Paul-Bloomington (Mn-Wi),2011,,27.1,13.4
Minneapolis-St. Paul-Bloomington (Mn-Wi),2012,,23.48,20.1
Minneapolis-St. Paul-Bloomington (Mn-Wi),2013,,21.3,16.3
Minneapolis-St. Paul-Bloomington (Mn-Wi),2014,,21.2,15.35
Minneapolis-St. Paul-Bloomington (Mn-Wi),2015,,21.82,13.8
Minneapolis-St. Paul-Bloomington (Mn-Wi),2016,,18.55,11.6
Minneapolis-St. Paul-Bloomington (Mn-Wi),2017,,26.8,
Minneapolis-St. Paul-Bloomington (Mn-Wi),2018,,24.13,12.57
Minneapolis-St. Paul-Bloomington (Mn-Wi),2019,,21.87,
Missoula (Mt),2010,,16.8,
Missoula (Mt),2015,12.2,22.6,
Missoula (Mt),2019,,16.9,
Mobile (Al),2010,9.8,,
Mobile (Al),2015,8.4,,
Mobile (Al),2016,8.1,,
Mobile (Al),2018,8.1,,
Modesto (Ca),2010,12.7,23.9,
Modesto (Ca),2011,15.9,,20.3
Modesto (Ca),2012,,,21.1
Modesto (Ca),2013,14.65,35,
Modesto (Ca),2014,11.85,25.6,19.1
Modesto (Ca),2015,14.2,32.1,17.3
Modesto (Ca),2016,,29.2,
Modesto (Ca),2017,12.8,,18.4
Modesto (Ca),2018,16.2,36.3,
Modesto (Ca),2019,,29.7,16.3
Monroe (La),2010,9.5,,
Montgomery (Al),2010,11.2,,
Montgomery (Al),2012,10.7,,
Montgomery (Al),2013,9.3,,
Montgomery (Al),2015,8.9,,
Montgomery (Al),2018,8.4,,
Montgomery (Al),2019,9,,
Muncie (In),2011,11.1,,
Muncie (In),2013,9.8,,
Muscatine (Ia),2010,,25.2,
Muscatine (Ia),2011,,23.5,
Muscatine (Ia),2012,,22.6,
Muscatine (Ia),2017,,18.7,
Muscatine (Ia),2018,,18.6,
Muskogee (Ok),2010,,30.8,
Muskogee (Ok),2011,,33.6,
Muskogee (Ok),2012,,28.9,
Muskogee (Ok),2014,,31.1,
Muskogee (Ok),2015,,23.4,
Muskogee (Ok),2016,,20.2,
Muskogee (Ok),2019,,30.6,
Napa (Ca),2010,,,16
Napa (Ca),2011,,,15.9
Napa (Ca),2012,,,14.9
Napa (Ca),2013,,,16.9
Napa (Ca),2015,,,14.3
Napa (Ca),2016,,,13.2
Napa (Ca),2017,,,13.7
Nashville-Davidson--Murfreesboro--Franklin (Tn),2011,,,21.8
Nashville-Davidson--Murfreesboro--Franklin (Tn),2012,,,22.4
Nashville-Davidson--Murfreesboro--Franklin (Tn),2018,,,14.7
New Haven-Milford (Ct),2010,9.05,,25.5
New Haven-Milford (Ct),2011,,,29
New Haven-Milford (Ct),2012,,,25.1
New Haven-Milford (Ct),2013,,,25.6
New Haven-Milford (Ct),2014,,,24.4
New Haven-Milford (Ct),2015,7.9,,26
New Haven-Milford (Ct),2016,,13.2,25.5
New Haven-Milford (Ct),2017,,11.9,24.5
New Haven-Milford (Ct),2018,,11.6,23.1
New Haven-Milford (Ct),2019,,,21.6
New Orleans-Metairie (La),2010,,26.6,14.6
New Orleans-Metairie (La),2011,,25.2,14.8
New Orleans-Metairie (La),2012,,,14.6
New Orleans-Metairie (La),2013,,18.65,
New Orleans-Metairie (La),2014,,19.2,12.6
New Orleans-Metairie (La),2016,,,12.5
New Orleans-Metairie (La),2017,,,11.3
New Orleans-Metairie (La),2018,,19.3,
New Orleans-Metairie (La),2019,,17.4,
New York-Newark-Jersey City (Ny-Nj-Pa),2010,,,37.4
New York-Newark-Jersey City (Ny-Nj-Pa),2011,,,35.32
New York-Newark-Jersey City (Ny-Nj-Pa),2012,,29.1,28.28
New York-Newark-Jersey City (Ny-Nj-Pa),2013,,,29.6
New York-Newark-Jersey City (Ny-Nj-Pa),2014,,,31.58
New York-Newark-Jersey City (Ny-Nj-Pa),2015,,,27.7
New York-Newark-Jersey City (Ny-Nj-Pa),2016,,,25.77
New York-Newark-Jersey City (Ny-Nj-Pa),2017,,,26.98
New York-Newark-Jersey City (Ny-Nj-Pa),2018,,,20.78
New York-Newark-Jersey City (Ny-Nj-Pa),2019,,,29.8
Newport,2018,7.9,,
Nogales (Az),2010,,65.3,
Nogales (Az),2011,9.7,53.8,
Nogales (Az),2012,,47.7,
Nogales (Az),2013,8.9,45.8,
Nogales (Az),2014,9.5,39.9,
Nogales (Az),2015,,31.2,
Nogales (Az),2016,9.8,38,
Nogales (Az),2017,,36.4,
Nogales (Az),2018,,34,
Nogales (Az),2019,8.8,31.8,
North Port-Sarasota-Bradenton (Fl),2012,7.1,14.6,
North Port-Sarasota-Bradenton (Fl),2013,,15.9,
North Port-Sarasota-Bradenton (Fl),2014,6.7,15.3,
North Port-Sarasota-Bradenton (Fl),2018,6.6,,
Ogden-Clearfield (Ut),2010,,17.9,29.15
Ogden-Clearfield (Ut),2011,,,30.2
Ogden-Clearfield (Ut),2012,,17.4,30
Ogden-Clearfield (Ut),2013,,,30.7
Ogden-Clearfield (Ut),2014,,,29.9
Ogden-Clearfield (Ut),2015,,,27.8
Ogden-Clearfield (Ut),2017,,20.1,21.7
Ogden-Clearfield (Ut),2018,,,26.85
Ogden-Clearfield (Ut),2019,,13.8,21.7
Oklahoma City (Ok),2010,,,16.8
Oklahoma City (Ok),2011,,20.6,18.6
Oklahoma City (Ok),2015,,,13.1
Oklahoma City (Ok),2017,,,12.5
Oklahoma City (Ok),2018,,,12.3
Omaha-Council Bluffs (Ne-Ia),2010,,31.73,
Omaha-Council Bluffs (Ne-Ia),2011,,29.38,
Omaha-Council Bluffs (Ne-Ia),2012,,34.98,
Omaha-Council Bluffs (Ne-Ia),2013,,23.47,
Omaha-Council Bluffs (Ne-Ia),2014,7.4,24.7,
Omaha-Council Bluffs (Ne-Ia),2015,,25.7,
Omaha-Council Bluffs (Ne-Ia),2016,,24.1,
Omaha-Council Bluffs (Ne-Ia),2017,,27.5,
Omaha-Council Bluffs (Ne-Ia),2018,,22.25,
Omaha-Council Bluffs (Ne-Ia),2019,,19.2,
Orlando-Kissimmee-Sanford (Fl),2010,,14.9,10.6
Orlando-Kissimmee-Sanford (Fl),2011,,14.95,10.1
Orlando-Kissimmee-Sanford (Fl),2012,7.7,15.2,
Orlando-Kissimmee-Sanford (Fl),2013,,14.3,8.5
Orlando-Kissimmee-Sanford (Fl),2014,6.4,,9.3
Orlando-Kissimmee-Sanford (Fl),2015,,12.3,7.7
Orlando-Kissimmee-Sanford (Fl),2016,,11.9,7.7
Orlando-Kissimmee-Sanford (Fl),2017,6.3,13.4,7.7
Orlando-Kissimmee-Sanford (Fl),2018,,14.4,
Orlando-Kissimmee-Sanford (Fl),2019,6.9,14.6,7.5
Owensboro (Ky),2010,,,13.3
Owensboro (Ky),2012,,,11.3
Owensboro (Ky),2013,,,9.1
Owensboro (Ky),2014,,,10
Owensboro (Ky),2015,,,8.1
Owensboro (Ky),2016,,,7.9
Oxnard-Thousand Oaks-Ventura (Ca),2010,8.6,,13.4
Oxnard-Thousand Oaks-Ventura (Ca),2011,8.7,,
Oxnard-Thousand Oaks-Ventura (Ca),2012,,,15.85
Oxnard-Thousand Oaks-Ventura (Ca),2013,,25.55,14.55
Oxnard-Thousand Oaks-Ventura (Ca),2014,,24.5,16.6
Oxnard-Thousand Oaks-Ventura (Ca),2015,,23.15,13.65
Oxnard-Thousand Oaks-Ventura (Ca),2017,13.7,29.1,10.1
Oxnard-Thousand Oaks-Ventura (Ca),2018,10.2,,10.1
Oxnard-Thousand Oaks-Ventura (Ca),2019,4.7,20,8.7
Paducah (Ky-Il),2012,,,12
Paducah (Ky-Il),2013,,,10.7
Paducah (Ky-Il),2014,,,10.8
Paducah (Ky-Il),2016,,,9.1
Paducah (Ky-Il),2018,,,8.8
Pagosa Springs,2010,,24.3,
Pagosa Springs,2011,,20.7,
Pagosa Springs,2012,,23.1,
Pagosa Springs,2014,,19.7,
Pagosa Springs,2016,,20,
Pagosa Springs,2017,,21,
Pagosa Springs,2018,,18.2,
Pagosa Springs,2019,,18.6,
Pahrump (Nv),2010,,26.15,
Pahrump (Nv),2011,,16.45,
Pahrump (Nv),2012,,20.2,
Pahrump (Nv),2013,,23.1,
Pahrump (Nv),2015,,15.8,
Pahrump (Nv),2017,,22.3,
Pahrump (Nv),2018,,17.47,
Palatka (Fl),2010,,18.2,
Palatka (Fl),2011,,19.3,
Palatka (Fl),2015,,14.7,
Palatka (Fl),2017,,18,
Palm Bay-Melbourne-Titusville (Fl),2010,6.9,,
Palm Bay-Melbourne-Titusville (Fl),2012,,16.8,
Palm Bay-Melbourne-Titusville (Fl),2013,,13.9,
Palm Bay-Melbourne-Titusville (Fl),2014,,13.4,
Palm Bay-Melbourne-Titusville (Fl),2017,,14,
Payson (Az),2010,,33.5,
Payson (Az),2011,,40.5,
Payson (Az),2012,,33.5,
Payson (Az),2013,,32.45,
Payson (Az),2014,,29.95,
Payson (Az),2015,,22,
Payson (Az),2016,,26.35,
Payson (Az),2017,,27.2,
Payson (Az),2018,,27.35,
Payson (Az),2019,,22,
Pensacola-Ferry Pass-Brent (Fl),2015,7.4,,
Philadelphia-Camden-Wilmington (Pa-Nj-De-Md),2010,10,30.1,24.3
Philadelphia-Camden-Wilmington (Pa-Nj-De-Md),2011,,32.7,21.8
Philadelphia-Camden-Wilmington (Pa-Nj-De-Md),2012,,,21.13
Philadelphia-Camden-Wilmington (Pa-Nj-De-Md),2013,,,20.93
Philadelphia-Camden-Wilmington (Pa-Nj-De-Md),2014,,,17.5
Philadelphia-Camden-Wilmington (Pa-Nj-De-Md),2015,,37.4,21.77
Philadelphia-Camden-Wilmington (Pa-Nj-De-Md),2016,,39,19.35
Philadelphia-Camden-Wilmington (Pa-Nj-De-Md),2017,8.85,,21.1
Philadelphia-Camden-Wilmington (Pa-Nj-De-Md),2018,,,19.7
Philadelphia-Camden-Wilmington (Pa-Nj-De-Md),2019,,,16.8
Phoenix-Mesa-Scottsdale (Az),2010,7.12,31.34,29.08
Phoenix-Mesa-Scottsdale (Az),2011,8.32,41.12,29.77
Phoenix-Mesa-Scottsdale (Az),2012,9.98,40.52,31.98
Phoenix-Mesa-Scottsdale (Az),2013,7.77,34.05,29.65
Phoenix-Mesa-Scottsdale (Az),2014,8.42,36.09,29.3
Phoenix-Mesa-Scottsdale (Az),2015,6.74,26.21,25.62
Phoenix-Mesa-Scottsdale (Az),2016,7.54,32.81,25.25
Phoenix-Mesa-Scottsdale (Az),2017,8.35,36.67,27.35
Phoenix-Mesa-Scottsdale (Az),2018,9.04,37.7,26.12
Phoenix-Mesa-Scottsdale (Az),2019,6.25,27.76,23.45
Pinehurst (Pine Creek) (Na),2010,,15.3,
Pinehurst (Pine Creek) (Na),2011,,13.8,
Pinehurst (Pine Creek) (Na),2012,,13.4,
Pinehurst (Pine Creek) (Na),2013,14.7,16.1,
Pinehurst (Pine Creek) (Na),2014,,13.7,
Pinehurst (Pine Creek) (Na),2015,13.6,19.5,
Pinehurst (Pine Creek) (Na),2017,14.2,15.5,
Pinehurst (Pine Creek) (Na),2018,12.1,15.7,
Pittsburgh (Pa),2010,16,25.6,20.65
Pittsburgh (Pa),2011,13.85,21,18.3
Pittsburgh (Pa),2012,14.3,19.25,
Pittsburgh (Pa),2013,,,18.9
Pittsburgh (Pa),2014,13.4,11.6,19.2
Pittsburgh (Pa),2015,,18.27,17.9
Pittsburgh (Pa),2016,11.8,21.8,11.7
Pittsburgh (Pa),2017,13.4,17.6,
Pittsburgh (Pa),2018,,16.12,
Pittsburgh (Pa),2019,,11.3,
Pocatello (Id),2011,,19.25,
Pocatello (Id),2014,,19.3,
Pocatello (Id),2015,,19.4,
Pocatello (Id),2016,,19.7,
Pocatello (Id),2018,,23.2,
Ponce (Pr),2012,,27.9,
Ponce (Pr),2013,,30,
Ponce (Pr),2014,,29.9,
Ponce (Pr),2015,,28.9,
Ponce (Pr),2016,,26.4,
Ponce (Pr),2017,,32.8,
Ponce (Pr),2018,,27,
Ponce (Pr),2019,,28.7,
Portland-South Portland (Me),2010,,,18.4
Portland-South Portland (Me),2011,,,17.2
Portland-South Portland (Me),2012,,,18.4
Portland-South Portland (Me),2015,,21.9,14.6
Portland-South Portland (Me),2017,,18.8,
Portland-South Portland (Me),2019,,21.5,
Portland-Vancouver-Hillsboro (Or-Wa),2010,,,17
Portland-Vancouver-Hillsboro (Or-Wa),2011,,12.4,
Portland-Vancouver-Hillsboro (Or-Wa),2013,,12.9,18.3
Portland-Vancouver-Hillsboro (Or-Wa),2016,,9.6,16.4
Portland-Vancouver-Hillsboro (Or-Wa),2017,,12.3,
Portland-Vancouver-Hillsboro (Or-Wa),2018,,11.1,16.2
Portland-Vancouver-Hillsboro (Or-Wa),2019,,,14.5
Portsmouth (Oh),2013,,16.4,
Portsmouth (Oh),2014,,17,
Portsmouth (Oh),2015,,14.8,
Portsmouth (Oh),2016,,14.7,
Portsmouth (Oh),2017,,10.6,
Portsmouth (Oh),2018,,9.6,
Presque Isle,2010,,,3.8
Presque Isle,2011,,,3.8
Presque Isle,2014,,,3.7
Presque Isle,2015,,,3.6
Presque Isle,2016,,,3.2
Presque Isle,2017,,,3.3
Presque Isle,2019,,,3.3
Presque Isle (Na),2011,,14.1,
Presque Isle (Na),2012,,16.2,
Presque Isle (Na),2016,,11.8,
Presque Isle (Na),2017,,8.3,
Presque Isle (Na),2018,,9.7,
Providence-Warwick (Ri-Ma),2010,,10,18.5
Providence-Warwick (Ri-Ma),2011,7.9,8.8,21.3
Providence-Warwick (Ri-Ma),2012,,10.75,12.2
Providence-Warwick (Ri-Ma),2013,,10.9,16.85
Providence-Warwick (Ri-Ma),2014,,12.23,
Providence-Warwick (Ri-Ma),2015,,9.5,17.05
Providence-Warwick (Ri-Ma),2016,5.4,7.6,
Providence-Warwick (Ri-Ma),2017,,10.8,
Providence-Warwick (Ri-Ma),2018,,,12.2
Provo-Orem (Ut),2010,,,27.4
Provo-Orem (Ut),2011,,,32.4
Provo-Orem (Ut),2012,,22.2,31.1
Provo-Orem (Ut),2013,,,35.6
Provo-Orem (Ut),2014,,,31.4
Provo-Orem (Ut),2016,,,28.7
Provo-Orem (Ut),2019,,17,
Pueblo (Co),2010,,18.6,
Pueblo (Co),2011,,20.2,
Pueblo (Co),2012,,20.8,
Pueblo (Co),2014,5.7,,
Pueblo (Co),2015,5.1,17.1,
Pueblo (Co),2017,,19,
Pueblo (Co),2019,,17.9,
Quincy (Na),2015,9.2,,
Rangely (Na),2011,,,5.8
Rangely (Na),2012,9.9,,4.5
Rangely (Na),2013,,,5.9
Rangely (Na),2014,,,3.1
Rangely (Na),2016,,,2.5
Rangely (Na),2017,,,2.5
Rangely (Na),2018,,,4
Rangely (Na),2019,,,4.8
Rapid City (Sd),2010,4.2,14,
Rapid City (Sd),2011,,19.2,
Rapid City (Sd),2012,,21.2,
Rapid City (Sd),2013,3.1,37.7,
Rapid City (Sd),2014,2.4,21.45,
Rapid City (Sd),2015,4.1,35.7,
Rapid City (Sd),2016,1.9,,
Rapid City (Sd),2017,,18.9,
Rapid City (Sd),2018,3.6,20.5,11.9
Rapid City (Sd),2019,,21,10.4
Redding (Ca),2010,,12.7,
Redding (Ca),2011,5.4,13.3,
Redding (Ca),2012,,15.4,
Redding (Ca),2013,,15.75,
Redding (Ca),2014,5.2,14.9,
Redding (Ca),2015,,16.2,
Redding (Ca),2016,,13.8,
Redding (Ca),2017,,20.6,
Redding (Ca),2018,15.9,23,
Redding (Ca),2019,,11.55,
Reno (Nv),2010,,19.7,30.6
Reno (Nv),2011,,,31.3
Reno (Nv),2012,,,26.5
Reno (Nv),2013,,25.5,30.1
Reno (Nv),2015,,,26.5
Reno (Nv),2018,,,24.1
Reno (Nv),2019,3,,21.4
Richmond (Va),2010,,,21
Richmond (Va),2014,,11.3,
Richmond (Va),2015,,11.4,15.1
Richmond (Va),2016,,,9.65
Richmond (Va),2017,,,7.2
Richmond (Va),2018,,,9.4
Richmond (Va),2019,,9.5,
Riverside-San Bernardino-Ontario (Ca),2010,14.2,32.28,26.69
Riverside-San Bernardino-Ontario (Ca),2011,11.15,30,29.59
Riverside-San Bernardino-Ontario (Ca),2012,12.16,28.62,26.15
Riverside-San Bernardino-Ontario (Ca),2013,12.57,30.45,25.2
Riverside-San Bernardino-Ontario (Ca),2014,10.6,33.99,21.84
Riverside-San Bernardino-Ontario (Ca),2015,10.54,31.11,21.26
Riverside-San Bernardino-Ontario (Ca),2016,11.02,32.39,22.01
Riverside-San Bernardino-Ontario (Ca),2017,10.8,30.57,20.37
Riverside-San Bernardino-Ontario (Ca),2018,11.9,30.52,21.39
Riverside-San Bernardino-Ontario (Ca),2019,10.64,27.03,20.19
Riverton (Wy),2010,,20.2,1.15
Riverton (Wy),2011,,9.8,1.4
Riverton (Wy),2012,,8.7,1.5
Riverton (Wy),2013,,5.4,1.5
Riverton (Wy),2014,,,1.2
Riverton (Wy),2015,,6.1,1
Riverton (Wy),2016,,,1.1
Riverton (Wy),2017,,7,0.65
Riverton (Wy),2018,,6,0.65
Riverton (Wy),2019,,9.25,0.5
Roanoke (Va),2015,,,9
Roanoke (Va),2016,,,10.8
Rock Springs (Wy),2010,,12.5,
Rock Springs (Wy),2011,,9.53,8.3
Rock Springs (Wy),2012,,10.95,3.7
Rock Springs (Wy),2013,,10.05,
Rock Springs (Wy),2014,,12.02,
Rock Springs (Wy),2015,,8.22,6.5
Rock Springs (Wy),2016,,7.9,
Rock Springs (Wy),2017,,7.7,
Rock Springs (Wy),2018,,17.35,6.1
Rock Springs (Wy),2019,,9.22,
Rutland (Vt),2012,,,14
Rutland (Vt),2015,,,14.1
Rutland (Vt),2018,,,13
Sacramento--Roseville--Arden-Arcade (Ca),2010,,18,12.68
Sacramento--Roseville--Arden-Arcade (Ca),2011,,20.15,14.65
Sacramento--Roseville--Arden-Arcade (Ca),2012,7.5,16.5,13.44
Sacramento--Roseville--Arden-Arcade (Ca),2013,9,20.24,13.78
Sacramento--Roseville--Arden-Arcade (Ca),2014,7.78,13.53,11.16
Sacramento--Roseville--Arden-Arcade (Ca),2015,8.7,10,11.43
Sacramento--Roseville--Arden-Arcade (Ca),2016,,14.78,9.6
Sacramento--Roseville--Arden-Arcade (Ca),2017,7.2,15.83,9.12
Sacramento--Roseville--Arden-Arcade (Ca),2018,12.35,25,8.57
Sacramento--Roseville--Arden-Arcade (Ca),2019,7.17,19.67,7.88
Salinas (Ca),2010,,,11.4
Salinas (Ca),2011,6.3,23.9,11.5
Salinas (Ca),2012,5.8,24.1,9.8
Salinas (Ca),2013,6.65,,10
Salinas (Ca),2014,3.9,25.3,8.5
Salinas (Ca),2015,,,8.6
Salinas (Ca),2016,6.05,25.2,8.3
Salinas (Ca),2017,5.8,,8.3
Salinas (Ca),2018,6.2,28.2,8.5
Salinas (Ca),2019,3.7,,7.4
Salisbury (Md-De),2010,9.9,,
Salt Lake City (Ut),2010,,25.7,
Salt Lake City (Ut),2011,,,34.2
Salt Lake City (Ut),2012,,,30.6
Salt Lake City (Ut),2013,12.7,,
Salt Lake City (Ut),2014,,17.95,26.5
Salt Lake City (Ut),2015,,16.3,29.4
Salt Lake City (Ut),2016,,,34
Salt Lake City (Ut),2018,,,28.4
Salt Lake City (Ut),2019,,,27
San Andreas (Na),2010,6.7,,
San Andreas (Na),2011,9.1,,
San Andreas (Na),2012,7,,
San Andreas (Na),2014,7.9,,
San Andreas (Na),2018,14.6,,
San Andreas (Na),2019,5.5,,
San Antonio-New Braunfels (Tx),2010,,,7.2
San Antonio-New Braunfels (Tx),2011,,22.9,8.7
San Antonio-New Braunfels (Tx),2013,,18.5,6.4
San Antonio-New Braunfels (Tx),2015,,,7.8
San Antonio-New Braunfels (Tx),2017,,21.4,
San Antonio-New Braunfels (Tx),2018,,20.8,
San Diego-Carlsbad (Ca),2010,4.8,26.9,17.4
San Diego-Carlsbad (Ca),2011,,23.05,16.03
San Diego-Carlsbad (Ca),2012,9.8,21,13.15
San Diego-Carlsbad (Ca),2013,8.7,23.6,16.27
San Diego-Carlsbad (Ca),2014,8.1,22.7,16.07
San Diego-Carlsbad (Ca),2015,7.2,27.25,14.47
San Diego-Carlsbad (Ca),2016,,26.65,13.43
San Diego-Carlsbad (Ca),2017,,22.63,13.38
San Diego-Carlsbad (Ca),2018,10,23.1,10.87
San Diego-Carlsbad (Ca),2019,13.7,25.05,13.1
San Francisco-Oakland-Hayward (Ca),2010,8.3,14.4,20.68
San Francisco-Oakland-Hayward (Ca),2011,9.03,16.27,21.8
San Francisco-Oakland-Hayward (Ca),2012,8.05,13,19.9
San Francisco-Oakland-Hayward (Ca),2013,9.85,15.65,21.11
San Francisco-Oakland-Hayward (Ca),2014,7.45,14.9,18.54
San Francisco-Oakland-Hayward (Ca),2015,5.7,14.97,18.5
San Francisco-Oakland-Hayward (Ca),2016,6,13.45,15.8
San Francisco-Oakland-Hayward (Ca),2017,10.7,18.8,16.87
San Francisco-Oakland-Hayward (Ca),2018,11.76,18,16.43
San Francisco-Oakland-Hayward (Ca),2019,6.55,14.4,15.01
San Jose-Sunnyvale-Santa Clara (Ca),2010,5.7,18.5,
San Jose-Sunnyvale-Santa Clara (Ca),2011,,,27.8
San Jose-Sunnyvale-Santa Clara (Ca),2012,6.1,18.2,24.9
San Jose-Sunnyvale-Santa Clara (Ca),2013,12.4,20.8,28.5
San Jose-Sunnyvale-Santa Clara (Ca),2014,7.6,17.65,
San Jose-Sunnyvale-Santa Clara (Ca),2015,4.3,18.55,24.1
San Jose-Sunnyvale-Santa Clara (Ca),2016,4.95,16.35,21.2
San Jose-Sunnyvale-Santa Clara (Ca),2017,5.1,19.65,23
San Jose-Sunnyvale-Santa Clara (Ca),2018,,20.6,22.6
San Jose-Sunnyvale-Santa Clara (Ca),2019,4.9,18.1,20
San Juan-Carolina-Caguas (Pr),2017,,23,
San Luis Obispo-Paso Robles-Arroyo Grande (Ca),2010,8.2,24.6,5.5
San Luis Obispo-Paso Robles-Arroyo Grande (Ca),2011,6.7,,5.3
San Luis Obispo-Paso Robles-Arroyo Grande (Ca),2012,6.2,29.35,4.6
San Luis Obispo-Paso Robles-Arroyo Grande (Ca),2013,6.8,34.6,5.4
San Luis Obispo-Paso Robles-Arroyo Grande (Ca),2014,9.4,30.7,
San Luis Obispo-Paso Robles-Arroyo Grande (Ca),2015,11.1,27.2,4.8
San Luis Obispo-Paso Robles-Arroyo Grande (Ca),2016,,30.25,3.9
San Luis Obispo-Paso Robles-Arroyo Grande (Ca),2017,7.95,34.5,4.1
San Luis Obispo-Paso Robles-Arroyo Grande (Ca),2018,5.9,28,3.7
San Luis Obispo-Paso Robles-Arroyo Grande (Ca),2019,,23.47,3.1
Santa Cruz-Watsonville (Ca),2017,7.1,,
Santa Maria-Santa Barbara (Ca),2010,,18.05,5.91
Santa Maria-Santa Barbara (Ca),2011,7.7,19.25,5.94
Santa Maria-Santa Barbara (Ca),2012,,20.3,5.96
Santa Maria-Santa Barbara (Ca),2013,,19.45,5.49
Santa Maria-Santa Barbara (Ca),2014,,17.4,3.43
Santa Maria-Santa Barbara (Ca),2015,,19.9,4.73
Santa Maria-Santa Barbara (Ca),2016,7,,3.94
Santa Maria-Santa Barbara (Ca),2017,,23.3,3.21
Santa Maria-Santa Barbara (Ca),2018,,,3.86
Santa Maria-Santa Barbara (Ca),2019,4.8,14.8,3.45
Santa Rosa (Ca),2010,,10.1,
Santa Rosa (Ca),2011,,11.5,
Santa Rosa (Ca),2012,,10.6,
Santa Rosa (Ca),2013,,11.35,
Santa Rosa (Ca),2014,,11.1,
Santa Rosa (Ca),2015,,12.45,
Santa Rosa (Ca),2016,,12.9,
Santa Rosa (Ca),2017,,13.6,
Santa Rosa (Ca),2018,,16,
Santa Rosa (Ca),2019,,12.9,
Savannah (Ga),2014,9.7,,
Scottsbluff (Ne),2010,5.3,,
Scottsbluff (Ne),2011,4.8,,
Scottsbluff (Ne),2013,5.1,,
Scranton--Wilkes-Barre--Hazleton (Pa),2010,,,17.1
Scranton--Wilkes-Barre--Hazleton (Pa),2011,,14.4,
Scranton--Wilkes-Barre--Hazleton (Pa),2013,,,15.4
Scranton--Wilkes-Barre--Hazleton (Pa),2014,,,20
Scranton--Wilkes-Barre--Hazleton (Pa),2015,,,20.3
Scranton--Wilkes-Barre--Hazleton (Pa),2016,,12.8,
Scranton--Wilkes-Barre--Hazleton (Pa),2017,,11.3,
Scranton--Wilkes-Barre--Hazleton (Pa),2018,,11.9,
Sheridan (Wy),2014,,9.1,
Show Low (Az),2010,,15,
Show Low (Az),2011,,16.4,
Show Low (Az),2012,,17.3,
Show Low (Az),2013,,14.8,
Show Low (Az),2014,,16.1,
Show Low (Az),2017,,18.5,
Show Low (Az),2019,,13.1,
Shreveport-Bossier City (La),2012,12,,
Shreveport-Bossier City (La),2015,,15.4,
Shreveport-Bossier City (La),2016,10,,
Shreveport-Bossier City (La),2017,10.6,,
Sierra Vista-Douglas (Az),2010,6.8,,
Sierra Vista-Douglas (Az),2011,6.5,,
Sierra Vista-Douglas (Az),2012,6.7,26.2,
Sierra Vista-Douglas (Az),2013,6.9,20.7,
Sierra Vista-Douglas (Az),2014,7.2,21.8,
Sierra Vista-Douglas (Az),2015,5.2,,
Sierra Vista-Douglas (Az),2016,3.8,14.5,
Sierra Vista-Douglas (Az),2017,5.8,16.3,
Sierra Vista-Douglas (Az),2018,5.6,13.8,
Sierra Vista-Douglas (Az),2019,5.1,,
Sioux City (Ia-Ne-Sd),2010,,,5.6
Sioux City (Ia-Ne-Sd),2011,,,5.7
Sioux City (Ia-Ne-Sd),2014,,18,
Sioux City (Ia-Ne-Sd),2015,,,5.6
Sioux City (Ia-Ne-Sd),2018,,,3.2
Sioux Falls (Sd),2010,,,12.4
Sioux Falls (Sd),2011,,,11.6
Sioux Falls (Sd),2013,,,10.1
Sioux Falls (Sd),2014,,,9.5
Sioux Falls (Sd),2016,,,8.1
Sioux Falls (Sd),2017,,17.1,
Sioux Falls (Sd),2018,5.5,,
Sioux Falls (Sd),2019,,,8.5
South Bend-Mishawaka (In-Mi),2010,,,20.9
South Bend-Mishawaka (In-Mi),2011,,,15.2
South Bend-Mishawaka (In-Mi),2014,,,13.8
South Bend-Mishawaka (In-Mi),2016,,,16.2
South Bend-Mishawaka (In-Mi),2017,,,14.4
Springfield (Ma),2010,,,27.3
Springfield (Ma),2011,,8.9,18.3
Springfield (Ma),2012,,9.2,14.5
Springfield (Ma),2013,,,12.8
Springfield (Ma),2014,,5.8,15.15
Springfield (Ma),2015,6.2,7.6,14.9
Springfield (Ma),2016,,6.2,20.9
Springfield (Ma),2017,,6,16.3
Springfield (Ma),2018,4.9,5.1,7.05
Springfield (Ma),2019,,6,5.9
St. Louis (Mo-Il),2010,,,22.9
St. Louis (Mo-Il),2011,,,16.7
St. Louis (Mo-Il),2012,12.2,46,22.8
St. Louis (Mo-Il),2013,,25.9,21.1
St. Louis (Mo-Il),2014,,,20.4
St. Louis (Mo-Il),2015,,27.8,17.9
St. Louis (Mo-Il),2016,,18.7,
St. Louis (Mo-Il),2017,,27.3,17.8
St. Louis (Mo-Il),2018,,24.8,17.8
St. Louis (Mo-Il),2019,,22.8,
State College (Pa),2010,,,9.8
State College (Pa),2012,,,9.1
State College (Pa),2013,,,9
State College (Pa),2014,,,9.4
State College (Pa),2017,,,6.7
State College (Pa),2019,,,6.3
Steamboat Springs (Co),2010,,21.7,
Steamboat Springs (Co),2011,,20.4,
Steamboat Springs (Co),2016,,17.9,
Steamboat Springs (Co),2017,,19.3,
Stilwell,2012,,20,
Stockton-Lodi (Ca),2010,10.6,15.25,12
Stockton-Lodi (Ca),2011,,23.77,20.5
Stockton-Lodi (Ca),2012,12.4,22.7,27
Stockton-Lodi (Ca),2013,14.65,32,20.9
Stockton-Lodi (Ca),2014,10.95,20.1,18.45
Stockton-Lodi (Ca),2015,12.8,25.03,
Stockton-Lodi (Ca),2016,,24.5,15.95
Stockton-Lodi (Ca),2017,11.1,26.03,15.5
Stockton-Lodi (Ca),2018,17.6,29.3,16.55
Stockton-Lodi (Ca),2019,9.3,26.35,15.55
Syracuse (Ny),2017,5.3,,
Talladega-Sylacauga (Al),2010,11.7,,
Talladega-Sylacauga (Al),2011,12.4,,
Talladega-Sylacauga (Al),2012,10.3,,
Talladega-Sylacauga (Al),2015,10,,
Talladega-Sylacauga (Al),2016,8.6,,
Talladega-Sylacauga (Al),2017,8.7,,
Tampa-St. Petersburg-Clearwater (Fl),2010,,21.65,10.7
Tampa-St. Petersburg-Clearwater (Fl),2011,,16.18,
Tampa-St. Petersburg-Clearwater (Fl),2012,,16,8.9
Tampa-St. Petersburg-Clearwater (Fl),2013,,,8.7
Tampa-St. Petersburg-Clearwater (Fl),2014,,16.94,
Tampa-St. Petersburg-Clearwater (Fl),2015,,14.3,7.3
Tampa-St. Petersburg-Clearwater (Fl),2016,,15.85,
Tampa-St. Petersburg-Clearwater (Fl),2017,,19.4,
Tampa-St. Petersburg-Clearwater (Fl),2018,,11.8,7.3
Tampa-St. Petersburg-Clearwater (Fl),2019,,22.5,6.5
Terre Haute (In),2013,,16.5,
Terre Haute (In),2014,11,17.6,
Terre Haute (In),2017,,15.2,
Topeka (Ks),2011,,23.7,
Torrington (Ct),2010,6,,
Torrington (Ct),2016,5,,
Torrington (Ct),2017,3.5,,
Torrington (Ct),2018,4.2,,
Torrington (Ct),2019,4.6,,
Truckee-Grass Valley (Ca),2011,4.2,,
Truckee-Grass Valley (Ca),2012,3.8,,
Truckee-Grass Valley (Ca),2016,4.6,,
Truckee-Grass Valley (Ca),2017,4.9,,
Truckee-Grass Valley (Ca),2018,6,,
Tucson (Az),2010,5.1,22.56,20.3
Tucson (Az),2011,5.7,25.95,22.3
Tucson (Az),2012,5.5,29.21,23.15
Tucson (Az),2013,5.7,27.9,19.4
Tucson (Az),2014,5.9,24.5,19.6
Tucson (Az),2015,4.75,20.01,16.35
Tucson (Az),2016,5.65,23.18,14.85
Tucson (Az),2017,6.6,21.91,15.7
Tucson (Az),2018,4.5,22.87,15.5
Tucson (Az),2019,3.45,18.24,13.9
Tulsa (Ok),2013,,,14.8
Tulsa (Ok),2014,,,13.7
Tulsa (Ok),2019,,,13.2
Tuscaloosa (Al),2010,11,,
Tuscaloosa (Al),2011,10.8,,
Tuscaloosa (Al),2012,9.4,,
Tuscaloosa (Al),2017,8.2,,
Tuscaloosa (Al),2019,7.9,,
Tyler (Tx),2012,,,5.8
Tyler (Tx),2014,,,4.8
Tyler (Tx),2016,,,3
Tyler (Tx),2017,,,3
Ukiah (Ca),2010,7.1,,
Ukiah (Ca),2011,9.8,,
Ukiah (Ca),2012,6.05,12.8,
Ukiah (Ca),2013,,13.7,
Ukiah (Ca),2014,,11.8,
Ukiah (Ca),2015,8,13.4,
Ukiah (Ca),2016,,11.7,
Ukiah (Ca),2017,,12.6,
Ukiah (Ca),2018,,14.8,
Ukiah (Ca),2019,5.65,12.1,
Union Township,2012,,,2.9
Union Township,2014,,,3.9
Union Township,2016,,,3.5
Union Township,2017,,,3.6
Union Township,2018,,,1.2
Union Township,2019,,,1.1
Urban Honolulu (Hi),2010,4.47,15.63,
Urban Honolulu (Hi),2011,7,,5.4
Urban Honolulu (Hi),2012,6.3,18.5,5.4
Urban Honolulu (Hi),2013,2.8,11.4,5.6
Urban Honolulu (Hi),2014,4.27,12.6,6.5
Urban Honolulu (Hi),2015,4.43,16.3,6.6
Urban Honolulu (Hi),2016,2.93,19.8,
Urban Honolulu (Hi),2017,3,13.1,
Urban Honolulu (Hi),2018,3.1,12.4,
Urban Honolulu (Hi),2019,3,11.83,7.6
Valdosta (Ga),2012,8.6,,
Vallejo-Fairfield (Ca),2010,,12.2,17.5
Vallejo-Fairfield (Ca),2011,,13.1,19.2
Vallejo-Fairfield (Ca),2012,9,11.1,17.2
Vallejo-Fairfield (Ca),2013,,13.2,18.5
Vallejo-Fairfield (Ca),2014,9.9,10.8,15.4
Vallejo-Fairfield (Ca),2015,,12.2,15.4
Vallejo-Fairfield (Ca),2016,,11.4,13.5
Vallejo-Fairfield (Ca),2017,11.6,,15.2
Vallejo-Fairfield (Ca),2018,,16.4,14.8
Vallejo-Fairfield (Ca),2019,,,13.8
Vernal (Ut),2010,,,8.7
Vernal (Ut),2011,,,8.05
Vernal (Ut),2012,,,6.6
Vernal (Ut),2013,,,11.3
Vernal (Ut),2015,,,4.6
Vernal (Ut),2016,,,5.8
Vernal (Ut),2017,,,4.4
Vernal (Ut),2018,,,3.8
Vernal (Ut),2019,,,6.2
Virginia Beach-Norfolk-Newport News (Va-Nc),2010,,17.6,9.1
Virginia Beach-Norfolk-Newport News (Va-Nc),2011,,,14.5
Virginia Beach-Norfolk-Newport News (Va-Nc),2013,,10.35,7.4
Virginia Beach-Norfolk-Newport News (Va-Nc),2014,,10.1,15.6
Virginia Beach-Norfolk-Newport News (Va-Nc),2015,,10.4,
Virginia Beach-Norfolk-Newport News (Va-Nc),2016,,,10
Virginia Beach-Norfolk-Newport News (Va-Nc),2017,,,14
Virginia Beach-Norfolk-Newport News (Va-Nc),2018,,9.9,9.65
Virginia Beach-Norfolk-Newport News (Va-Nc),2019,,10.25,
Visalia-Porterville (Ca),2010,13.6,,23.5
Visalia-Porterville (Ca),2011,16.1,,22.2
Visalia-Porterville (Ca),2012,,,22.7
Visalia-Porterville (Ca),2013,18.9,,23.9
Visalia-Porterville (Ca),2014,17.9,,19.6
Visalia-Porterville (Ca),2015,16.1,,18.2
Visalia-Porterville (Ca),2016,14.7,,16.8
Visalia-Porterville (Ca),2017,16.3,,20.4
Visalia-Porterville (Ca),2018,17.3,,20.2
Visalia-Porterville (Ca),2019,12.9,,18
Waco (Tx),2011,,,7
Waco (Tx),2012,,,6.4
Waco (Tx),2013,,,4.9
Waco (Tx),2014,,,4.2
Washington-Arlington-Alexandria (Dc-Va-Md-Wv),2010,,,22.06
Washington-Arlington-Alexandria (Dc-Va-Md-Wv),2011,,12.5,24.13
Washington-Arlington-Alexandria (Dc-Va-Md-Wv),2012,9.7,12.3,21.88
Washington-Arlington-Alexandria (Dc-Va-Md-Wv),2013,,,21.8
Washington-Arlington-Alexandria (Dc-Va-Md-Wv),2014,,12.1,17.25
Washington-Arlington-Alexandria (Dc-Va-Md-Wv),2015,,,14.5
Washington-Arlington-Alexandria (Dc-Va-Md-Wv),2016,,,21.13
Washington-Arlington-Alexandria (Dc-Va-Md-Wv),2017,10,9.4,20.45
Washington-Arlington-Alexandria (Dc-Va-Md-Wv),2018,,8.15,15.93
Washington-Arlington-Alexandria (Dc-Va-Md-Wv),2019,,7.6,21.2
Waterloo-Cedar Falls (Ia),2010,10.9,,
Watertown (Sd),2017,,21.5,
Weirton-Steubenville (Wv-Oh),2010,,22,
Weirton-Steubenville (Wv-Oh),2011,,14.6,
Weirton-Steubenville (Wv-Oh),2015,12.1,21.4,
Weirton-Steubenville (Wv-Oh),2016,11,,
West Mercer,2010,,,4.4
West Mercer,2015,,,4
Wichita (Ks),2010,,20.3,6.9
Wichita (Ks),2011,,22,23
Wichita (Ks),2012,,,10.3
Wichita (Ks),2013,,22.7,16.6
Wichita (Ks),2014,,23.75,8.7
Wichita (Ks),2015,,23.6,7.6
Wichita (Ks),2016,,23.1,9.9
Wichita (Ks),2017,,34.9,13.1
Wichita (Ks),2018,,31.7,14.3
Wichita (Ks),2019,,21.2,5.9
Wilmington (Nc),2018,3.5,,
Winchester (Va-Wv),2013,,9.9,
Winston-Salem (Nc),2011,,,14.5
Winston-Salem (Nc),2012,,13,
Winston-Salem (Nc),2013,,11.5,11.5
Winston-Salem (Nc),2014,,,12
Winston-Salem (Nc),2016,,,12.3
Winston-Salem (Nc),2017,,11,13.2
Winston-Salem (Nc),2018,,,12.5
Worcester (Ma-Ct),2010,,,26.3
Worcester (Ma-Ct),2011,,,32.6
Worcester (Ma-Ct),2013,,18.2,
Worcester (Ma-Ct),2014,,,24.5
Worcester (Ma-Ct),2016,,14.9,
Worcester (Ma-Ct),2017,5.4,,21.5
Worcester (Ma-Ct),2018,,13.4,
Worcester (Ma-Ct),2019,,,19.7
York-Hanover (Pa),2011,,,23.8
York-Hanover (Pa),2012,,,22.2
York-Hanover (Pa),2013,,,18.8
York-Hanover (Pa),2014,,,20.4
York-Hanover (Pa),2015,,,19.5
York-Hanover (Pa),2018,,,11
Youngstown-Warren-Boardman (Oh-Pa),2012,,18.3,
Youngstown-Warren-Boardman (Oh-Pa),2014,,12,
Youngstown-Warren-Boardman (Oh-Pa),2015,,12.8,
Youngstown-Warren-Boardman (Oh-Pa),2018,,16.5,
Yreka,2010,4.5,,
Yreka,2011,5.5,,
Yreka,2012,5.7,,
Yreka,2013,7.9,,
Yreka,2018,14.4,,
Yreka,2019,5.9,,
Yuba City (Ca),2010,,,14.1
Yuba City (Ca),2011,8,,15.7
Yuba City (Ca),2012,6.9,,18
Yuba City (Ca),2013,8.2,,18.1
Yuba City (Ca),2018,,,14.1
Yuba City (Ca),2019,,,12.2
Yuma (Az),2010,7.4,,
Yuma (Az),2011,7.6,29.7,
Yuma (Az),2012,8.5,43.2,
Yuma (Az),2013,7.4,41.1,
Yuma (Az),2014,,44.7,
Yuma (Az),2015,5.6,38.5,
Yuma (Az),2016,8.3,47.7,
Yuma (Az),2017,8.5,41.8,
Yuma (Az),2018,,42.5,
Yuma (Az),2019,,35,